abnormal,[-1]
abolish,[-1]
abominable,[-1]
abomination,[-1]
abort,[-1]
aborted,[-1]
abound,[1]
abounds,[1]
abrasive,[-1]
abrupt,[-1]
abruptly,[-1]
absence,[-1]
absentee,[-1]
absurd,[-1]
absurdity,[-1]
absurdly,[-1]
abundance,[1]
abundant,[1]
abuse,[-1]
abused,[-1]
abuses,[-1]
abusive,[-1]
abysmal,[-1]
abyss,[-1]
accessible,[1]
accidental,[-1]
acclaim,[1]
acclaimed,[1]
acclamation,[1]
accolade,[1]
accolades,[1]
accomplish,[1]
accomplished,[1]
accomplishment,[1]
accomplishments,[1]
accurate,[1]
accurately,[1]
accusation,[-1]
accusations,[-1]
accuse,[-1]
accuses,[-1]
accusing,[-1]
acerbic,[-1]
ache,[-1]
aches,[-1]
achievable,[1]
achievement,[1]
achievements,[1]
aching,[-1]
acrimonious,[-1]
acrimony,[-1]
acumen,[1]
adamant,[-1]
adamantly,[-1]
adaptable,[1]
adaptive,[1]
addict,[-1]
addicted,[-1]
addicts,[-1]
adequate,[1]
adjustable,[1]
admirable,[1]
admirably,[1]
admiration,[1]
admire,[1]
admirer,[1]
admiring,[1]
admonition,[-1]
adorable,[1]
adore,[1]
adored,[1]
adoring,[1]
advanced,[1]
advantage,[1]
advantageous,[1]
advantages,[1]
adventurous,[1]
adversarial,[-1]
adversary,[-1]
adverse,[-1]
adversity,[-1]
advocate,[1]
advocated,[1]
advocates,[1]
affable,[1]
affection,[1]
affectionate,[1]
affinity,[1]
affirm,[1]
affirmation,[1]
affirmative,[1]
affliction,[-1]
affluence,[1]
affluent,[1]
afford,[1]
affordable,[1]
affront,[-1]
afraid,[-1]
aggravate,[-1]
aggravating,[-1]
aggression,[-1]
aggressive,[-1]
aggressiveness,[-1]
aggressor,[-1]
aggrieved,[-1]
agile,[1]
agility,[1]
agonizing,[-1]
agony,[-1]
agreeable,[1]
aground,[-1]
ailing,[-1]
ailment,[-1]
alarm,[-1]
alarmed,[-1]
alarming,[-1]
alienate,[-1]
alienated,[-1]
alienation,[-1]
allegation,[-1]
allegations,[-1]
allege,[-1]
allergic,[-1]
allergies,[-1]
allergy,[-1]
alluring,[1]
aloof,[-1]
altercation,[-1]
altruistic,[1]
amazed,[1]
amazement,[1]
amazing,[1]
amazingly,[1]
ambiguity,[-1]
ambiguous,[-1]
ambitious,[1]
ambivalence,[-1]
ambivalent,[-1]
ambush,[-1]
ameliorate,[1]
amenable,[1]
amenity,[1]
amiable,[1]
amicable,[1]
amicably,[1]
amiss,[-1]
ample,[1]
amply,[1]
amuse,[1]
amusing,[1]
anarchism,[-1]
anarchist,[-1]
anarchy,[-1]
angel,[1]
angelic,[1]
anger,[-1]
angrily,[-1]
angry,[-1]
anguish,[-1]
animosity,[-1]
annihilate,[-1]
annihilation,[-1]
annoy,[-1]
annoyance,[-1]
annoyed,[-1]
annoying,[-1]
annoys,[-1]
anomalous,[-1]
anomaly,[-1]
antagonism,[-1]
antagonist,[-1]
antagonistic,[-1]
antagonize,[-1]
antipathy,[-1]
antiquated,[-1]
antithetical,[-1]
anxieties,[-1]
anxiety,[-1]
anxious,[-1]
anxiously,[-1]
apathetic,[-1]
apathy,[-1]
apocalypse,[-1]
apocalyptic,[-1]
apologist,[-1]
apologists,[-1]
appalled,[-1]
appalling,[-1]
appeal,[1]
appealing,[1]
applaud,[1]
appreciable,[1]
appreciate,[1]
appreciated,[1]
appreciates,[1]
appreciative,[1]
apprehension,[-1]
apprehensive,[-1]
appropriate,[1]
approval,[1]
approve,[1]
arbitrary,[-1]
arcane,[-1]
archaic,[-1]
ardent,[1]
ardently,[1]
arduous,[-1]
argumentative,[-1]
arrogance,[-1]
arrogant,[-1]
articulate,[1]
ashamed,[-1]
aspiration,[1]
aspirations,[1]
aspire,[1]
assassin,[-1]
assassinate,[-1]
assault,[-1]
assurance,[1]
assurances,[1]
assure,[1]
assuring,[1]
astonished,[1]
astonishing,[1]
astonishingly,[1]
astonishment,[1]
astounded,[1]
astounding,[1]
astray,[-1]
atrocious,[-1]
atrocities,[-1]
atrocity,[-1]
atrophy,[-1]
attack,[-1]
attacks,[-1]
attentive,[1]
attraction,[1]
attractive,[1]
audacious,[-1]
audacity,[-1]
audible,[1]
auspicious,[1]
austere,[-1]
authentic,[1]
authoritarian,[-1]
authoritative,[1]
autocratic,[-1]
autonomous,[1]
available,[1]
avalanche,[-1]
avenge,[-1]
averse,[-1]
aversion,[-1]
avid,[1]
avidly,[1]
award,[1]
awarded,[1]
awards,[1]
awe,[1]
awesome,[1]
awful,[-1]
awfully,[-1]
awkward,[-1]
awkwardness,[-1]
ax,[-1]
backbone,[1]
backward,[-1]
backwardness,[-1]
bad,[-1]
badly,[-1]
baffle,[-1]
baffled,[-1]
baffling,[-1]
bait,[-1]
balanced,[1]
banal,[-1]
bane,[-1]
banish,[-1]
banishment,[-1]
bankrupt,[-1]
barbarian,[-1]
barbaric,[-1]
barbarous,[-1]
bargain,[1]
barren,[-1]
baseless,[-1]
bash,[-1]
bashing,[-1]
bastard,[-1]
bastards,[-1]
battered,[-1]
battering,[-1]
beautiful,[1]
beautifully,[1]
beautify,[1]
beauty,[1]
beg,[-1]
beggar,[-1]
begging,[-1]
belated,[-1]
believable,[1]
belligerent,[-1]
beloved,[1]
bemused,[-1]
benefactor,[1]
beneficial,[1]
beneficiary,[1]
benefit,[1]
benefits,[1]
benevolence,[1]
benevolent,[1]
bent,[-1]
berate,[-1]
bereavement,[-1]
bereft,[-1]
berserk,[-1]
beset,[-1]
besiege,[-1]
best,[1]
betray,[-1]
betrayal,[-1]
betraying,[-1]
betrays,[-1]
better,[1]
beware,[-1]
bewildered,[-1]
bewildering,[-1]
bias,[-1]
biased,[-1]
biases,[-1]
bickering,[-1]
bigotry,[-1]
bitch,[-1]
biting,[-1]
bitter,[-1]
bitterly,[-1]
bitterness,[-1]
bizarre,[-1]
blackmail,[-1]
blah,[-1]
blame,[-1]
blameless,[1]
bland,[-1]
blasphemous,[-1]
blasphemy,[-1]
blasted,[-1]
blatant,[-1]
blatantly,[-1]
bleak,[-1]
bleed,[-1]
bleeding,[-1]
bleeds,[-1]
blemish,[-1]
bless,[1]
blessing,[1]
blind,[-1]
blinding,[-1]
bliss,[1]
blissful,[1]
blister,[-1]
blistering,[-1]
bloated,[-1]
blockage,[-1]
blockbuster,[1]
bloodshed,[-1]
bloodthirsty,[-1]
bloody,[-1]
bloom,[1]
blossom,[1]
blow,[-1]
blunder,[-1]
blunders,[-1]
blunt,[-1]
blur,[-1]
blurred,[-1]
blurring,[-1]
blurry,[-1]
blurs,[-1]
bogus,[-1]
boil,[-1]
boiling,[-1]
boisterous,[-1]
bolster,[1]
bomb,[-1]
bombard,[-1]
bombardment,[-1]
bombastic,[-1]
bondage,[-1]
bonus,[1]
bonuses,[1]
boom,[1]
booming,[1]
boost,[1]
bore,[-1]
bored,[-1]
boredom,[-1]
bores,[-1]
boring,[-1]
bother,[-1]
bothered,[-1]
bothering,[-1]
bothers,[-1]
boundless,[1]
bountiful,[1]
boycott,[-1]
brash,[-1]
brat,[-1]
bravado,[-1]
brave,[1]
bravery,[1]
brazen,[-1]
breach,[-1]
break,[-1]
breakdown,[-1]
breaking,[-1]
breaks,[-1]
breakthrough,[1]
breakthroughs,[1]
breakup,[-1]
breakups,[-1]
breathtaking,[1]
breeze,[1]
bribery,[-1]
bright,[1]
brighten,[1]
brighter,[1]
brightest,[1]
brilliance,[1]
brilliant,[1]
brilliantly,[1]
brisk,[1]
bristle,[-1]
brittle,[-1]
broke,[-1]
broken,[-1]
brood,[-1]
brotherly,[1]
bruise,[-1]
bruised,[-1]
bruises,[-1]
bruising,[-1]
brutal,[-1]
brutality,[-1]
brutally,[-1]
brute,[-1]
brutish,[-1]
buckle,[-1]
bug,[-1]
bugging,[-1]
buggy,[-1]
bugs,[-1]
bulky,[-1]
bullies,[-1]
bullshit,[-1]
bully,[-1]
bullying,[-1]
bum,[-1]
bump,[-1]
bumped,[-1]
bumping,[-1]
bumps,[-1]
bumpy,[-1]
bunk,[-1]
buoyant,[1]
burden,[-1]
burdensome,[-1]
burn,[-1]
burned,[-1]
burning,[-1]
burns,[-1]
bust,[-1]
busts,[-1]
butcher,[-1]
buzzing,[-1]
calamities,[-1]
calamity,[-1]
callous,[-1]
calm,[1]
calming,[1]
calmness,[1]
cancer,[-1]
cancerous,[-1]
cannibal,[-1]
capability,[1]
capable,[1]
capitulate,[-1]
capricious,[-1]
capsize,[-1]
captivating,[1]
carefree,[1]
careless,[-1]
carelessness,[-1]
caricature,[-1]
carnage,[-1]
carp,[-1]
cartoonish,[-1]
castrated,[-1]
casualty,[-1]
cataclysm,[-1]
cataclysmic,[-1]
catastrophe,[-1]
catastrophes,[-1]
catastrophic,[-1]
catchy,[1]
caustic,[-1]
cautionary,[-1]
cave,[-1]
celebrate,[1]
celebrated,[1]
celebration,[1]
celebratory,[1]
censure,[-1]
chaff,[-1]
chagrin,[-1]
challenging,[-1]
champ,[1]
champion,[1]
chaos,[-1]
chaotic,[-1]
charisma,[1]
charismatic,[1]
charitable,[1]
charm,[1]
charming,[1]
chaste,[1]
chatter,[-1]
cheap,[-1]
cheaper,[1]
cheapest,[1]
cheaply,[-1]
cheat,[-1]
cheated,[-1]
cheating,[-1]
cheats,[-1]
checkered,[-1]
cheer,[1]
cheerful,[1]
cheery,[1]
cheesy,[-1]
cherish,[1]
cherished,[1]
chic,[1]
childish,[-1]
chill,[-1]
chilly,[-1]
chivalrous,[1]
chivalry,[1]
choke,[-1]
choppy,[-1]
chore,[-1]
chronic,[-1]
civility,[1]
clarity,[1]
clash,[-1]
classic,[1]
classy,[1]
clean,[1]
cleaner,[1]
cleanest,[1]
cleanliness,[1]
cleanly,[1]
clear,[1]
cleared,[1]
clearer,[1]
clearly,[1]
clears,[1]
clever,[1]
cleverly,[1]
cliche,[-1]
cliched,[-1]
clique,[-1]
clog,[-1]
clogged,[-1]
cloud,[-1]
cloudy,[-1]
clueless,[-1]
clumsy,[-1]
clunky,[-1]
coarse,[-1]
cocky,[-1]
coerce,[-1]
coercion,[-1]
coercive,[-1]
coherence,[1]
coherent,[1]
cohesive,[1]
cold,[-1]
coldly,[-1]
collapse,[-1]
collusion,[-1]
colorful,[1]
combative,[-1]
comfort,[1]
comfortable,[1]
comfortably,[1]
comforting,[1]
comical,[-1]
commend,[1]
commendable,[1]
commitment,[1]
commonplace,[-1]
commotion,[-1]
compact,[1]
compactly,[1]
compassion,[1]
compassionate,[1]
compatible,[1]
competitive,[1]
complacent,[-1]
complain,[-1]
complained,[-1]
complaining,[-1]
complains,[-1]
complaint,[-1]
complaints,[-1]
complement,[1]
complementary,[1]
complemented,[1]
complements,[1]
complex,[-1]
compliant,[1]
complicated,[-1]
complication,[-1]
complicit,[-1]
compliment,[1]
complimentary,[1]
comprehensive,[1]
compulsion,[-1]
compulsive,[-1]
concede,[-1]
conceded,[-1]
conceit,[-1]
concern,[-1]
concerned,[-1]
concerns,[-1]
concession,[-1]
concessions,[-1]
conciliatory,[1]
concise,[1]
condemn,[-1]
condemnation,[-1]
condemned,[-1]
condemns,[-1]
condescending,[-1]
confess,[-1]
confession,[-1]
confessions,[-1]
confidence,[1]
confident,[1]
confined,[-1]
conflict,[-1]
conflicted,[-1]
conflicting,[-1]
conflicts,[-1]
confounded,[-1]
confounding,[-1]
confront,[-1]
confrontation,[-1]
confrontational,[-1]
confuse,[-1]
confused,[-1]
confuses,[-1]
confusing,[-1]
confusion,[-1]
confusions,[-1]
congenial,[1]
congested,[-1]
congestion,[-1]
congratulate,[1]
congratulations,[1]
congratulatory,[1]
cons,[-1]
conscientious,[1]
conservative,[-1]
considerate,[1]
consistent,[1]
consistently,[1]
conspicuous,[-1]
conspicuously,[-1]
conspiracies,[-1]
conspiracy,[-1]
conspirator,[-1]
conspiratorial,[-1]
conspire,[-1]
consternation,[-1]
constructive,[1]
consummate,[1]
contagious,[-1]
contaminate,[-1]
contaminated,[-1]
contaminating,[-1]
contamination,[-1]
contempt,[-1]
contemptuous,[-1]
contend,[-1]
contention,[-1]
contentious,[-1]
contentment,[1]
continuity,[1]
contradict,[-1]
contradiction,[-1]
contradictory,[-1]
contravene,[-1]
contribution,[1]
contrived,[-1]
controversial,[-1]
controversy,[-1]
convenience,[1]
convenient,[1]
conveniently,[1]
convincing,[1]
convincingly,[1]
convoluted,[-1]
cool,[1]
coolest,[1]
cooperative,[1]
cooperatively,[1]
cornerstone,[1]
correct,[1]
correctly,[1]
corrosion,[-1]
corrosive,[-1]
corrupt,[-1]
corrupted,[-1]
corrupting,[-1]
corruption,[-1]
costly,[-1]
counterproductive,[-1]
courage,[1]
courageous,[1]
courageously,[1]
courteous,[1]
courtly,[1]
covenant,[1]
coward,[-1]
cowardly,[-1]
cozy,[1]
crack,[-1]
cracked,[-1]
cracks,[-1]
crafty,[-1]
cramped,[-1]
crap,[-1]
crappy,[-1]
crash,[-1]
crashed,[-1]
crashes,[-1]
crashing,[-1]
crass,[-1]
craze,[-1]
crazy,[-1]
creative,[1]
credence,[1]
credible,[1]
creep,[-1]
creeping,[-1]
creeps,[-1]
creepy,[-1]
crept,[-1]
crime,[-1]
criminal,[-1]
cripple,[-1]
crippled,[-1]
crippling,[-1]
crisis,[-1]
crisp,[1]
critic,[-1]
critical,[-1]
criticism,[-1]
criticisms,[-1]
criticize,[-1]
criticized,[-1]
criticizing,[-1]
critics,[-1]
crook,[-1]
crooked,[-1]
crooks,[-1]
crowded,[-1]
crude,[-1]
cruel,[-1]
cruelly,[-1]
cruelty,[-1]
crumble,[-1]
crumbling,[-1]
crumpled,[-1]
crush,[-1]
crushed,[-1]
crushing,[-1]
cry,[-1]
culpable,[-1]
culprit,[-1]
cumbersome,[-1]
cunt,[-1]
cure,[1]
curse,[-1]
cursed,[-1]
curses,[-1]
cute,[1]
cutthroat,[-1]
cynical,[-1]
cynicism,[-1]
damage,[-1]
damaged,[-1]
damages,[-1]
damaging,[-1]
damn,[-1]
damnation,[-1]
damned,[-1]
damning,[-1]
damper,[-1]
danger,[-1]
dangerous,[-1]
daring,[1]
dark,[-1]
darken,[-1]
darkened,[-1]
darker,[-1]
darkness,[-1]
darling,[1]
dashing,[1]
daunting,[-1]
dawn,[1]
dazed,[-1]
dazzle,[1]
dazzling,[1]
dead,[-1]
deadlock,[-1]
deadly,[-1]
deadweight,[-1]
deaf,[-1]
dearth,[-1]
death,[-1]
debacle,[-1]
debatable,[-1]
debauchery,[-1]
debilitating,[-1]
debt,[-1]
debts,[-1]
decadence,[-1]
decadent,[-1]
decay,[-1]
decayed,[-1]
deceit,[-1]
deceitful,[-1]
deceive,[-1]
deceiving,[-1]
decency,[1]
decent,[1]
deception,[-1]
deceptive,[-1]
deceptively,[-1]
decisive,[1]
decline,[-1]
declines,[-1]
declining,[-1]
decrepit,[-1]
dedicated,[1]
defamation,[-1]
defamatory,[-1]
defame,[-1]
defeat,[1]
defeated,[1]
defeating,[1]
defeats,[1]
defect,[-1]
defective,[-1]
defects,[-1]
defender,[1]
defensive,[-1]
deference,[1]
defiance,[-1]
defiant,[-1]
defiantly,[-1]
deficiencies,[-1]
deficiency,[-1]
deficient,[-1]
defile,[-1]
deform,[-1]
deformed,[-1]
defrauding,[-1]
deft,[1]
defunct,[-1]
defy,[-1]
degenerate,[-1]
degeneration,[-1]
degradation,[-1]
degrade,[-1]
degrading,[-1]
dejected,[-1]
delay,[-1]
delayed,[-1]
delaying,[-1]
delays,[-1]
delicacy,[1]
delicate,[1]
delicious,[1]
delight,[1]
delighted,[1]
delightful,[1]
delightfully,[1]
delinquency,[-1]
delinquent,[-1]
delirious,[-1]
delirium,[-1]
deluded,[-1]
deluge,[-1]
delusion,[-1]
delusional,[-1]
delusions,[-1]
demeaning,[-1]
demise,[-1]
demolish,[-1]
demon,[-1]
demonic,[-1]
denial,[-1]
denied,[-1]
denies,[-1]
denounce,[-1]
dense,[-1]
dent,[-1]
denunciation,[-1]
denunciations,[-1]
deny,[-1]
denying,[-1]
dependable,[1]
deplete,[-1]
deplorable,[-1]
depraved,[-1]
depress,[-1]
depressed,[-1]
depressing,[-1]
depression,[-1]
depressions,[-1]
deprive,[-1]
deprived,[-1]
derision,[-1]
derisive,[-1]
derisively,[-1]
derogatory,[-1]
desert,[-1]
desertion,[-1]
deserving,[1]
desirable,[1]
desiring,[1]
desirous,[1]
desolate,[-1]
desolation,[-1]
despair,[-1]
despairing,[-1]
desperate,[-1]
desperately,[-1]
desperation,[-1]
despicable,[-1]
despise,[-1]
despised,[-1]
despondent,[-1]
despot,[-1]
despotic,[-1]
despotism,[-1]
destiny,[1]
destitute,[-1]
destroy,[-1]
destroyer,[-1]
destruction,[-1]
destructive,[-1]
detachable,[1]
deter,[-1]
deteriorate,[-1]
deteriorating,[-1]
deterioration,[-1]
deterrent,[-1]
detested,[-1]
detract,[-1]
detriment,[-1]
detrimental,[-1]
devastate,[-1]
devastated,[-1]
devastating,[-1]
devastation,[-1]
deviate,[-1]
deviation,[-1]
devil,[-1]
devious,[-1]
devoid,[-1]
devout,[1]
diabolical,[-1]
diametrically,[-1]
diatribe,[-1]
dick,[-1]
dictator,[-1]
dictatorial,[-1]
die,[-1]
died,[-1]
dies,[-1]
difficult,[-1]
difficulties,[-1]
difficulty,[-1]
dignified,[1]
dignity,[1]
dilapidated,[-1]
dilemma,[-1]
diligence,[1]
diligent,[1]
diligently,[1]
dim,[-1]
dimmer,[-1]
din,[-1]
ding,[-1]
diplomatic,[1]
dire,[-1]
dirt,[-1]
dirty,[-1]
disable,[-1]
disabled,[-1]
disadvantage,[-1]
disadvantaged,[-1]
disadvantageous,[-1]
disadvantages,[-1]
disaffected,[-1]
disagree,[-1]
disagreeable,[-1]
disagreed,[-1]
disagreeing,[-1]
disagreement,[-1]
disagrees,[-1]
disallow,[-1]
disappoint,[-1]
disappointed,[-1]
disappointing,[-1]
disappointingly,[-1]
disappointment,[-1]
disappointments,[-1]
disapproval,[-1]
disapprove,[-1]
disapproving,[-1]
disarm,[-1]
disarray,[-1]
disaster,[-1]
disastrous,[-1]
disastrously,[-1]
disbelief,[-1]
discomfort,[-1]
disconcerting,[-1]
discontent,[-1]
discontented,[-1]
discontinued,[-1]
discontinuity,[-1]
discontinuous,[-1]
discord,[-1]
discordant,[-1]
discourage,[-1]
discouraging,[-1]
discredit,[-1]
discriminate,[-1]
discrimination,[-1]
discriminatory,[-1]
disdain,[-1]
disfavor,[-1]
disgrace,[-1]
disgraced,[-1]
disgraceful,[-1]
disgruntled,[-1]
disgust,[-1]
disgusted,[-1]
disgusting,[-1]
dishonest,[-1]
dishonesty,[-1]
dishonor,[-1]
dishonorable,[-1]
disillusioned,[-1]
disillusionment,[-1]
disingenuous,[-1]
disintegrate,[-1]
disintegrated,[-1]
disintegrates,[-1]
disintegration,[-1]
disinterest,[-1]
disinterested,[-1]
dislike,[-1]
disliked,[-1]
dislikes,[-1]
disliking,[-1]
dislocated,[-1]
disloyal,[-1]
disloyalty,[-1]
dismal,[-1]
dismay,[-1]
dismayed,[-1]
dismissive,[-1]
disobedience,[-1]
disobey,[-1]
disorder,[-1]
disordered,[-1]
disorderly,[-1]
disorganized,[-1]
disoriented,[-1]
disparage,[-1]
disparaging,[-1]
disparagingly,[-1]
displace,[-1]
displaced,[-1]
displeased,[-1]
displeasure,[-1]
disproportionate,[-1]
disprove,[-1]
dispute,[-1]
disputed,[-1]
disregard,[-1]
disreputable,[-1]
disrepute,[-1]
disrespect,[-1]
disrespectful,[-1]
disrupt,[-1]
disruption,[-1]
disruptive,[-1]
diss,[-1]
dissatisfaction,[-1]
dissatisfied,[-1]
dissension,[-1]
dissent,[-1]
dissenter,[-1]
disservice,[-1]
dissident,[-1]
dissidents,[-1]
dissolute,[-1]
dissolution,[-1]
dissonance,[-1]
dissonant,[-1]
dissuade,[-1]
distaste,[-1]
distasteful,[-1]
distinction,[1]
distinctive,[1]
distinguished,[1]
distort,[-1]
distorted,[-1]
distortion,[-1]
distorts,[-1]
distract,[-1]
distracting,[-1]
distraction,[-1]
distraught,[-1]
distress,[-1]
distressed,[-1]
distressing,[-1]
distrust,[-1]
distrustful,[-1]
disturb,[-1]
disturbance,[-1]
disturbed,[-1]
disturbing,[-1]
disunity,[-1]
divergent,[-1]
diversified,[1]
divine,[1]
divinely,[1]
divisive,[-1]
dizzy,[-1]
dogged,[-1]
dogmatic,[-1]
dominate,[1]
dominated,[1]
dominates,[1]
domineering,[-1]
doom,[-1]
doomed,[-1]
doomsday,[-1]
dope,[-1]
doubt,[-1]
doubtful,[-1]
doubtless,[1]
doubts,[-1]
downbeat,[-1]
downfall,[-1]
downgrade,[-1]
downhill,[-1]
downside,[-1]
downturn,[-1]
drab,[-1]
draconian,[-1]
drag,[-1]
dragged,[-1]
dragging,[-1]
dragoon,[-1]
drags,[-1]
drain,[-1]
drained,[-1]
draining,[-1]
drains,[-1]
drastic,[-1]
drastically,[-1]
drawback,[-1]
drawbacks,[-1]
dread,[-1]
dreadful,[-1]
dreary,[-1]
dripping,[-1]
drones,[-1]
dropout,[-1]
dropouts,[-1]
drought,[-1]
drowning,[-1]
drunk,[-1]
drunkard,[-1]
drunken,[-1]
dubious,[-1]
dud,[-1]
dull,[-1]
dumb,[-1]
dump,[-1]
dumped,[-1]
dumping,[-1]
dumps,[-1]
dungeon,[-1]
dungeons,[-1]
dupe,[-1]
durable,[1]
dust,[-1]
dusty,[-1]
dwindling,[-1]
dying,[-1]
dynamic,[1]
eager,[1]
eagerly,[1]
eagerness,[1]
earnest,[1]
earnestly,[1]
ease,[1]
eased,[1]
eases,[1]
easier,[1]
easiest,[1]
easing,[1]
easy,[1]
easygoing,[1]
eccentric,[-1]
eccentricity,[-1]
economical,[1]
ecstasy,[1]
ecstatic,[1]
educated,[1]
effective,[1]
effectively,[1]
effectiveness,[1]
efficacious,[1]
efficient,[1]
efficiently,[1]
effigy,[-1]
effortless,[1]
effortlessly,[1]
effusion,[1]
effusive,[1]
egotistical,[-1]
egregious,[-1]
elated,[1]
electrify,[1]
elegance,[1]
elegant,[1]
elegantly,[1]
elevate,[1]
elimination,[-1]
elite,[1]
eloquence,[1]
eloquent,[1]
eloquently,[1]
emaciated,[-1]
embarrass,[-1]
embarrassing,[-1]
embarrassment,[-1]
embattled,[-1]
embroiled,[-1]
emergency,[-1]
eminence,[1]
eminent,[1]
empathy,[1]
emphatic,[-1]
emphatically,[-1]
empower,[1]
empowerment,[1]
emptiness,[-1]
enchanted,[1]
enchanting,[1]
encourage,[1]
encouragement,[1]
encouraging,[1]
encroach,[-1]
encroachment,[-1]
endanger,[-1]
endearing,[1]
endorse,[1]
endorsed,[1]
endorsement,[1]
endorses,[1]
endorsing,[1]
enemies,[-1]
enemy,[-1]
energetic,[1]
engaging,[1]
engrossing,[1]
engulf,[-1]
enhance,[1]
enhanced,[1]
enhancement,[1]
enhances,[1]
enjoy,[1]
enjoyable,[1]
enjoyed,[1]
enjoying,[1]
enjoyment,[1]
enjoys,[1]
enlighten,[1]
enlightenment,[1]
enmity,[-1]
enough,[1]
enraged,[-1]
enrich,[1]
enrichment,[1]
enslave,[-1]
entanglement,[-1]
enterprising,[1]
entertain,[1]
entertaining,[1]
entertains,[1]
enthralled,[1]
enthusiasm,[1]
enthusiast,[1]
enthusiastic,[1]
enthusiastically,[1]
entice,[1]
enticed,[1]
enticing,[1]
entranced,[1]
entrapment,[-1]
entrust,[1]
enviable,[1]
envy,[1]
epidemic,[-1]
equitable,[1]
equivocal,[-1]
erase,[-1]
erode,[-1]
erosion,[-1]
err,[-1]
errant,[-1]
erratic,[-1]
erratically,[-1]
erroneous,[-1]
erroneously,[-1]
error,[-1]
errors,[-1]
erudite,[1]
eruptions,[-1]
eschew,[-1]
estranged,[-1]
ethical,[1]
euphoria,[1]
euphoric,[1]
evade,[-1]
evaluative,[1]
evasion,[-1]
evasive,[-1]
evenly,[1]
eventful,[1]
everlasting,[1]
evil,[-1]
evils,[-1]
evocative,[1]
exacerbate,[-1]
exaggerate,[-1]
exaggeration,[-1]
exaltation,[1]
exalted,[1]
exasperated,[-1]
exasperation,[-1]
exceed,[1]
exceeded,[1]
exceeding,[1]
exceedingly,[1]
exceeds,[1]
excel,[1]
excelled,[1]
excellence,[1]
excellent,[1]
excellently,[1]
excels,[1]
exceptional,[1]
exceptionally,[1]
excessive,[-1]
excessively,[-1]
excite,[1]
excited,[1]
excitedly,[1]
excitement,[1]
excites,[1]
exciting,[1]
exclusion,[-1]
excruciating,[-1]
excuse,[-1]
excuses,[-1]
exemplar,[1]
exemplary,[1]
exhaust,[-1]
exhausted,[-1]
exhaustion,[-1]
exhausts,[-1]
exhilarating,[1]
exile,[-1]
exonerate,[1]
exorbitant,[-1]
expansive,[1]
expel,[-1]
expensive,[-1]
expertly,[1]
expire,[-1]
expired,[-1]
explode,[-1]
exploit,[-1]
exploitation,[-1]
explosive,[-1]
expropriation,[-1]
exquisite,[1]
exquisitely,[1]
exterminate,[-1]
extermination,[-1]
extinguish,[-1]
extort,[-1]
extortion,[-1]
extraneous,[-1]
extraordinarily,[1]
extraordinary,[1]
extravagance,[-1]
extravagant,[-1]
extremism,[-1]
extremist,[-1]
extremists,[-1]
exuberance,[1]
exuberant,[1]
fabricate,[-1]
fabrication,[-1]
fabulous,[1]
facilitate,[1]
fail,[-1]
failed,[-1]
failing,[-1]
fails,[-1]
failure,[-1]
failures,[-1]
faint,[-1]
fair,[1]
fairly,[1]
fairness,[1]
faith,[1]
faithful,[1]
faithfully,[1]
faithfulness,[1]
faithless,[-1]
fake,[-1]
fall,[-1]
fallacies,[-1]
fallacious,[-1]
fallacy,[-1]
fallen,[-1]
falling,[-1]
fallout,[-1]
falls,[-1]
false,[-1]
falsehood,[-1]
falsely,[-1]
falsify,[-1]
falter,[-1]
faltered,[-1]
fame,[1]
famed,[1]
famine,[-1]
famous,[1]
famously,[1]
fanatic,[-1]
fanatical,[-1]
fanaticism,[-1]
fanatics,[-1]
fanciful,[-1]
fancy,[1]
fanfare,[1]
fans,[1]
fantastic,[1]
farce,[-1]
farcical,[-1]
fascinating,[1]
fascination,[1]
fascism,[-1]
fascist,[-1]
fashionable,[1]
fast,[1]
faster,[1]
fastest,[1]
fat,[-1]
fatal,[-1]
fatally,[-1]
fateful,[-1]
fatigue,[-1]
fatigued,[-1]
fatty,[-1]
fault,[-1]
faults,[-1]
faulty,[-1]
favor,[1]
favorable,[1]
favored,[1]
favorite,[1]
favour,[1]
fear,[-1]
fearful,[-1]
fearless,[1]
fears,[-1]
fearsome,[-1]
feasible,[1]
feat,[1]
feeble,[-1]
feign,[-1]
feint,[-1]
feisty,[1]
fell,[-1]
felon,[-1]
ferocity,[-1]
fertile,[1]
fervent,[1]
fervently,[1]
fervor,[1]
festive,[1]
fever,[-1]
feverish,[-1]
fevers,[-1]
fiasco,[-1]
fickle,[-1]
fiction,[-1]
fictional,[-1]
fictitious,[-1]
fidelity,[1]
fiend,[-1]
fierce,[-1]
fiery,[1]
figurehead,[-1]
filth,[-1]
filthy,[-1]
fine,[1]
finely,[1]
finer,[1]
finest,[1]
firmer,[1]
fissures,[-1]
fist,[-1]
flagging,[-1]
flagrant,[-1]
flair,[-1]
flak,[-1]
flake,[-1]
flaky,[-1]
flare,[-1]
flares,[-1]
flashy,[1]
flatter,[1]
flattering,[1]
flaw,[-1]
flawed,[-1]
flawless,[1]
flawlessly,[1]
flaws,[-1]
flee,[-1]
fleeing,[-1]
flees,[-1]
fleeting,[-1]
flexibility,[1]
flexible,[1]
flicker,[-1]
flickering,[-1]
flimsy,[-1]
flirt,[-1]
floored,[-1]
flounder,[-1]
flourish,[1]
flourishing,[1]
fluent,[1]
flutter,[1]
foe,[-1]
fond,[1]
fondly,[1]
fondness,[1]
fool,[-1]
fooled,[-1]
foolish,[-1]
foolishly,[-1]
foolishness,[-1]
forbid,[-1]
forbidden,[-1]
forbidding,[-1]
forceful,[-1]
foreboding,[-1]
foremost,[1]
foresight,[1]
forfeit,[-1]
forged,[-1]
forlorn,[-1]
formidable,[1]
forsake,[-1]
forsaken,[-1]
fortitude,[1]
fortuitous,[1]
fortunate,[1]
fortunately,[1]
fortune,[1]
foul,[-1]
fractious,[-1]
fracture,[-1]
fragile,[-1]
fragmented,[-1]
fragrant,[1]
frail,[-1]
frantic,[-1]
frantically,[-1]
fraud,[-1]
fraudulent,[-1]
fraught,[-1]
freak,[-1]
freaking,[-1]
freaks,[-1]
free,[1]
freed,[1]
freedom,[1]
freedoms,[1]
freeze,[-1]
freezes,[-1]
freezing,[-1]
frenetic,[-1]
frenzied,[-1]
frenzy,[-1]
fresh,[1]
fresher,[1]
fret,[-1]
frets,[-1]
friction,[-1]
fried,[-1]
friendliness,[1]
friendly,[1]
fright,[-1]
frighten,[-1]
frightening,[-1]
frightful,[-1]
frigid,[-1]
frost,[-1]
froze,[-1]
frozen,[-1]
frugal,[1]
fruitful,[1]
fruitless,[-1]
frustrate,[-1]
frustrated,[-1]
frustrating,[-1]
frustration,[-1]
frustrations,[-1]
fuck,[-1]
fucking,[-1]
fudge,[-1]
fugitive,[-1]
fulfillment,[1]
fumble,[-1]
fume,[-1]
fumes,[-1]
fun,[1]
fundamentalism,[-1]
funky,[-1]
funny,[-1]
furious,[-1]
furiously,[-1]
furor,[-1]
fury,[-1]
fuss,[-1]
futile,[-1]
futility,[-1]
futuristic,[1]
fuzzy,[-1]
gaff,[-1]
gaffe,[-1]
gain,[1]
gained,[1]
gaining,[1]
gains,[1]
gall,[-1]
gallant,[1]
gallantly,[1]
galls,[-1]
gangster,[-1]
gape,[-1]
garbage,[-1]
garish,[-1]
gasp,[-1]
gauche,[-1]
gaudy,[-1]
geeky,[1]
gem,[1]
gems,[1]
generosity,[1]
generous,[1]
generously,[1]
genial,[1]
genius,[1]
genocide,[-1]
gentle,[1]
genuine,[1]
ghastly,[-1]
ghetto,[-1]
gibberish,[-1]
gifted,[1]
gimmick,[-1]
gimmicks,[-1]
glad,[1]
gladly,[1]
glamorous,[1]
glare,[-1]
glee,[1]
gleefully,[1]
glitch,[-1]
glitches,[-1]
glitter,[1]
gloom,[-1]
gloomy,[-1]
glorify,[1]
glorious,[1]
glory,[1]
glow,[1]
glowing,[1]
glut,[-1]
gnawing,[-1]
godlike,[1]
gold,[1]
golden,[1]
good,[1]
goodness,[1]
goodwill,[1]
goofy,[-1]
goon,[-1]
gorgeous,[1]
gossip,[-1]
grace,[1]
graceful,[1]
gracefully,[1]
gracious,[1]
graciously,[1]
graft,[-1]
grainy,[-1]
grand,[1]
grandeur,[1]
grapple,[-1]
grate,[-1]
grateful,[1]
gratefully,[1]
gratification,[1]
gratifying,[1]
grating,[-1]
gratitude,[1]
gravely,[-1]
greasy,[-1]
great,[1]
greatest,[1]
greatness,[1]
greed,[-1]
greedy,[-1]
grief,[-1]
grievance,[-1]
grievances,[-1]
grieve,[-1]
grieving,[-1]
grievous,[-1]
grim,[-1]
grin,[1]
grind,[-1]
grisly,[-1]
gritty,[-1]
gross,[-1]
grossly,[-1]
grotesque,[-1]
groundbreaking,[1]
groundless,[-1]
grouse,[-1]
growl,[-1]
grudge,[-1]
grudges,[-1]
grudgingly,[-1]
gruesome,[-1]
gruff,[-1]
grumpy,[-1]
guarantee,[1]
guidance,[1]
guilt,[-1]
guilty,[-1]
gullible,[-1]
gusto,[1]
gutter,[-1]
hack,[-1]
hacks,[-1]
hail,[1]
hallmark,[1]
hallmarks,[1]
hallowed,[1]
hallucination,[-1]
hamper,[-1]
hampered,[-1]
handicapped,[-1]
handily,[1]
handsome,[1]
handsomely,[1]
handy,[1]
hang,[-1]
hangs,[-1]
haphazard,[-1]
hapless,[-1]
happier,[1]
happily,[1]
happiness,[1]
happy,[1]
harass,[-1]
harassed,[-1]
harassment,[-1]
harboring,[-1]
harbors,[-1]
hard,[-1]
harden,[-1]
hardened,[-1]
hardliners,[-1]
hardship,[-1]
hardships,[-1]
hardy,[1]
harm,[-1]
harmed,[-1]
harmful,[-1]
harmless,[1]
harmonious,[1]
harmoniously,[1]
harmonize,[1]
harmony,[1]
harms,[-1]
harried,[-1]
harsh,[-1]
harshly,[-1]
hassle,[-1]
haste,[-1]
hastily,[-1]
hasty,[-1]
hate,[-1]
hated,[-1]
hateful,[-1]
hates,[-1]
hating,[-1]
hatred,[-1]
haughty,[-1]
haunt,[-1]
haunting,[-1]
havoc,[-1]
hazard,[-1]
hazardous,[-1]
haze,[-1]
hazy,[-1]
headache,[-1]
headaches,[-1]
headway,[1]
heal,[1]
healthful,[1]
healthy,[1]
heartbreaking,[-1]
heartfelt,[1]
heartily,[1]
heartless,[-1]
heathen,[-1]
heaven,[1]
heavenly,[1]
heck,[-1]
heckled,[-1]
hectic,[-1]
hedge,[-1]
hedonistic,[-1]
hefty,[-1]
hegemony,[-1]
heinous,[-1]
hell,[-1]
helped,[1]
helpful,[1]
helping,[1]
helpless,[-1]
helplessly,[-1]
helplessness,[-1]
heresy,[-1]
heretic,[-1]
heretical,[-1]
hero,[1]
heroic,[1]
heroically,[1]
heroine,[1]
hesitant,[-1]
hideous,[-1]
hilarious,[1]
hinder,[-1]
hindrance,[-1]
hiss,[-1]
hissing,[-1]
hoard,[-1]
hoax,[-1]
hogs,[-1]
hollow,[-1]
holy,[1]
homage,[1]
honest,[1]
honesty,[1]
honor,[1]
honorable,[1]
honored,[1]
honoring,[1]
hooligan,[-1]
hopeful,[1]
hopeless,[-1]
hopelessly,[-1]
hopelessness,[-1]
horde,[-1]
horrendous,[-1]
horrible,[-1]
horrid,[-1]
horrific,[-1]
horrified,[-1]
horrifying,[-1]
hospitable,[1]
hostage,[-1]
hostile,[-1]
hostilities,[-1]
hostility,[-1]
hot,[1]
hottest,[1]
hubris,[-1]
hug,[1]
hum,[-1]
humane,[1]
humble,[1]
humid,[-1]
humiliate,[-1]
humiliating,[-1]
humiliation,[-1]
humility,[1]
humming,[-1]
humor,[1]
humorous,[1]
humorously,[1]
humour,[1]
hung,[-1]
hurt,[-1]
hurtful,[-1]
hurting,[-1]
hurts,[-1]
hustler,[-1]
hype,[-1]
hypocrisy,[-1]
hypocrite,[-1]
hypocritical,[-1]
hysteria,[-1]
hysterical,[-1]
ideal,[1]
ideally,[1]
idiot,[-1]
idiotic,[-1]
idiots,[-1]
idle,[-1]
idol,[1]
idolized,[1]
idyllic,[1]
ignorance,[-1]
ignorant,[-1]
ignore,[-1]
illegal,[-1]
illegally,[-1]
illegitimate,[-1]
illicit,[-1]
illiterate,[-1]
illness,[-1]
illogical,[-1]
illuminate,[1]
illuminating,[1]
illusion,[-1]
illusions,[-1]
illusory,[-1]
illustrious,[1]
imaginary,[-1]
imaginative,[1]
imbalance,[-1]
immaculate,[1]
immaterial,[-1]
immature,[-1]
immense,[1]
immobilized,[-1]
immoral,[-1]
immorality,[-1]
immovable,[-1]
impair,[-1]
impaired,[-1]
impartial,[1]
impartiality,[1]
impasse,[-1]
impassioned,[1]
impatience,[-1]
impatient,[-1]
impeach,[-1]
impeccable,[1]
impedance,[-1]
impede,[-1]
impediment,[-1]
impending,[-1]
imperfect,[-1]
imperfection,[-1]
imperfections,[-1]
imperfectly,[-1]
imperialist,[-1]
impersonal,[-1]
impetuous,[-1]
implacable,[-1]
implausible,[-1]
implicate,[-1]
implication,[-1]
impolite,[-1]
important,[1]
impose,[-1]
imposing,[-1]
imposition,[-1]
impossible,[-1]
impossibly,[-1]
impotent,[-1]
impoverished,[-1]
impractical,[-1]
imprecise,[-1]
impress,[1]
impressed,[1]
impresses,[1]
impressive,[1]
impressively,[1]
imprison,[-1]
imprisonment,[-1]
improbable,[-1]
improper,[-1]
improperly,[-1]
impropriety,[-1]
improve,[1]
improved,[1]
improvement,[1]
improvements,[1]
improves,[1]
improving,[1]
impulsive,[-1]
impulsively,[-1]
impunity,[-1]
impure,[-1]
impurity,[-1]
inability,[-1]
inaccuracies,[-1]
inaccuracy,[-1]
inaccurate,[-1]
inaccurately,[-1]
inaction,[-1]
inactive,[-1]
inadequacy,[-1]
inadequate,[-1]
inadequately,[-1]
inane,[-1]
inappropriate,[-1]
inappropriately,[-1]
inaudible,[-1]
incapable,[-1]
incendiary,[-1]
incense,[-1]
incessant,[-1]
incessantly,[-1]
incite,[-1]
incitement,[-1]
incivility,[-1]
inclement,[-1]
incoherent,[-1]
incomparable,[-1]
incompatibility,[-1]
incompatible,[-1]
incompetence,[-1]
incompetent,[-1]
incomplete,[-1]
incomprehensible,[-1]
inconceivable,[-1]
incongruous,[-1]
inconsequential,[-1]
inconsistencies,[-1]
inconsistency,[-1]
inconsistent,[-1]
inconvenience,[-1]
incorrect,[-1]
incorrectly,[-1]
incredible,[1]
incredibly,[1]
incredulous,[-1]
inculcate,[-1]
indebted,[1]
indecency,[-1]
indecent,[-1]
indecision,[-1]
indecisive,[-1]
indefensible,[-1]
indeterminate,[-1]
indifference,[-1]
indifferent,[-1]
indigent,[-1]
indignant,[-1]
indignation,[-1]
indiscriminate,[-1]
indiscriminately,[-1]
indistinguishable,[-1]
individualized,[1]
indoctrination,[-1]
indulge,[-1]
indulgence,[1]
indulgent,[1]
industrious,[1]
ineffective,[-1]
ineffectiveness,[-1]
ineffectual,[-1]
inefficiency,[-1]
inefficient,[-1]
ineligible,[-1]
inept,[-1]
ineptitude,[-1]
inequalities,[-1]
inequality,[-1]
inequities,[-1]
inescapable,[-1]
inevitable,[-1]
inevitably,[-1]
inexorably,[-1]
inexpensive,[1]
inexperience,[-1]
inexperienced,[-1]
inextricably,[-1]
infallibility,[1]
infallible,[1]
infamous,[-1]
infamously,[-1]
infamy,[-1]
infected,[-1]
infection,[-1]
infections,[-1]
inferior,[-1]
inferiority,[-1]
infernal,[-1]
infest,[-1]
infested,[-1]
infidel,[-1]
infidels,[-1]
infiltrators,[-1]
infirm,[-1]
inflame,[-1]
inflammation,[-1]
inflammatory,[-1]
inflated,[-1]
inflationary,[-1]
inflexible,[-1]
inflict,[-1]
influential,[1]
infraction,[-1]
infringe,[-1]
infringement,[-1]
infringements,[-1]
infuriated,[-1]
infuriating,[-1]
ingenious,[1]
ingenuity,[1]
inhibit,[-1]
inhibition,[-1]
inhospitable,[-1]
inhuman,[-1]
inhumane,[-1]
injure,[-1]
injurious,[-1]
injury,[-1]
injustice,[-1]
injustices,[-1]
innocuous,[1]
innovation,[1]
innovative,[1]
innuendo,[-1]
inoperable,[-1]
inordinate,[-1]
insane,[-1]
insanely,[-1]
insanity,[-1]
insatiable,[-1]
insecure,[-1]
insecurity,[-1]
insensitive,[-1]
insensitivity,[-1]
insidious,[-1]
insightful,[1]
insignificant,[-1]
insinuating,[-1]
insolvent,[-1]
inspiration,[1]
inspirational,[1]
inspire,[1]
inspiring,[1]
instability,[-1]
instantly,[1]
instigate,[-1]
instigator,[-1]
instigators,[-1]
instructive,[1]
instrumental,[1]
insubstantial,[-1]
insufficiency,[-1]
insufficient,[-1]
insufficiently,[-1]
insular,[-1]
insult,[-1]
insulted,[-1]
insulting,[-1]
insults,[-1]
insurmountable,[-1]
insurrection,[-1]
integral,[1]
integrated,[1]
intelligence,[1]
intelligent,[1]
intelligible,[1]
intense,[-1]
interesting,[1]
interests,[1]
interfere,[-1]
interference,[-1]
interferes,[-1]
intermittent,[-1]
interrupt,[-1]
interruption,[-1]
interruptions,[-1]
intimacy,[1]
intimate,[1]
intimidate,[-1]
intimidating,[-1]
intimidation,[-1]
intolerable,[-1]
intolerance,[-1]
intractable,[-1]
intricate,[1]
intrigue,[1]
intriguing,[1]
intrude,[-1]
intrusion,[-1]
intrusive,[-1]
intuitive,[1]
inundated,[-1]
invader,[-1]
invalid,[-1]
invalidate,[-1]
invaluable,[1]
invasive,[-1]
invective,[-1]
inventive,[1]
invigorating,[1]
invincibility,[1]
invincible,[1]
invisible,[-1]
involuntarily,[-1]
involuntary,[-1]
invulnerable,[1]
irate,[-1]
ire,[-1]
ironic,[-1]
ironically,[-1]
irony,[-1]
irrational,[-1]
irrationality,[-1]
irreconcilable,[-1]
irregular,[-1]
irregularity,[-1]
irrelevant,[-1]
irreparable,[-1]
irreplaceable,[1]
irresistible,[1]
irresponsible,[-1]
irreversible,[-1]
irritable,[-1]
irritant,[-1]
irritate,[-1]
irritated,[-1]
irritating,[-1]
irritation,[-1]
isolate,[-1]
isolated,[-1]
isolation,[-1]
issue,[-1]
issues,[-1]
itch,[-1]
itching,[-1]
jaded,[-1]
jagged,[-1]
jam,[-1]
jarring,[-1]
jealous,[-1]
jealously,[-1]
jealousy,[-1]
jeopardize,[-1]
jeopardy,[-1]
jerk,[-1]
jerky,[-1]
jitter,[-1]
jobless,[-1]
joke,[-1]
joker,[-1]
jolly,[1]
jovial,[1]
joy,[1]
joyful,[1]
joyfully,[1]
joyous,[1]
jubilant,[1]
judicious,[1]
junk,[-1]
junkyard,[-1]
justly,[1]
keen,[1]
keenly,[1]
kill,[-1]
killed,[-1]
killer,[-1]
killing,[-1]
kills,[-1]
kindly,[1]
kiss,[1]
kindness,[1]
knife,[-1]
knock,[-1]
knotted,[-1]
knowledgeable,[1]
kudos,[1]
lack,[-1]
lacked,[-1]
lacking,[-1]
lackluster,[-1]
lacks,[-1]
laconic,[-1]
lag,[-1]
lagged,[-1]
lagging,[-1]
lags,[-1]
lame,[-1]
lament,[-1]
lapse,[-1]
lapsed,[-1]
lapses,[-1]
latency,[-1]
laudable,[1]
laughable,[-1]
lavish,[1]
lavishly,[1]
lawful,[1]
lawfully,[1]
lawless,[-1]
lawlessness,[-1]
layoff,[-1]
lazy,[-1]
lead,[1]
leading,[1]
leads,[1]
leak,[-1]
leakage,[-1]
leaking,[-1]
leaks,[-1]
leaky,[-1]
lean,[1]
led,[1]
leech,[-1]
legendary,[1]
lemon,[-1]
lengthy,[-1]
lethal,[-1]
lethargy,[-1]
leverage,[1]
lewd,[-1]
liability,[-1]
liable,[-1]
liar,[-1]
liars,[-1]
liberate,[1]
liberation,[1]
liberty,[1]
lie,[-1]
lied,[-1]
lies,[-1]
lifeless,[-1]
lighter,[1]
likable,[1]
like,[1]
liked,[1]
likes,[1]
liking,[1]
limit,[-1]
limitation,[-1]
limitations,[-1]
limited,[-1]
limits,[-1]
limp,[-1]
lively,[1]
livid,[-1]
loathe,[-1]
loathing,[-1]
logical,[1]
lone,[-1]
loneliness,[-1]
lonely,[-1]
loner,[-1]
longing,[-1]
loophole,[-1]
loopholes,[-1]
loose,[-1]
loot,[-1]
lose,[-1]
loser,[-1]
losers,[-1]
loses,[-1]
losing,[-1]
loss,[-1]
losses,[-1]
lost,[-1]
loud,[-1]
louder,[-1]
lousy,[-1]
lovable,[1]
love,[1]
loved,[1]
lovely,[1]
lover,[1]
loves,[1]
loving,[1]
lowly,[-1]
loyal,[1]
loyalty,[1]
lucid,[1]
luck,[1]
lucky,[1]
lucrative,[1]
ludicrous,[-1]
lukewarm,[-1]
lull,[-1]
luminous,[1]
lunatic,[-1]
lure,[-1]
lurid,[-1]
lurking,[-1]
lush,[1]
luster,[1]
lustrous,[1]
luxurious,[1]
luxury,[1]
lying,[-1]
lyrical,[1]
macabre,[-1]
mad,[-1]
madly,[-1]
madman,[-1]
madness,[-1]
magic,[1]
magical,[1]
magnificence,[1]
magnificent,[1]
magnificently,[1]
majestic,[1]
majesty,[1]
malaise,[-1]
malevolent,[-1]
malice,[-1]
malicious,[-1]
maliciously,[-1]
malign,[-1]
malignant,[-1]
maltreatment,[-1]
manageable,[1]
maneuverable,[1]
mangled,[-1]
mania,[-1]
maniac,[-1]
maniacal,[-1]
manic,[-1]
manipulate,[-1]
manipulation,[-1]
manipulative,[-1]
mar,[-1]
marginal,[-1]
marginally,[-1]
martyrdom,[-1]
marvel,[1]
marvellous,[1]
marvelous,[1]
marvels,[1]
mashed,[-1]
massacre,[-1]
massacres,[-1]
master,[1]
masterful,[1]
masterpiece,[1]
masterpieces,[1]
masters,[1]
mastery,[1]
matte,[-1]
mature,[1]
maturity,[1]
meager,[-1]
meaningful,[1]
meaningless,[-1]
mediocre,[-1]
mediocrity,[-1]
melancholy,[-1]
melodramatic,[-1]
meltdown,[-1]
memorable,[1]
menace,[-1]
menacing,[-1]
menial,[-1]
merciful,[1]
merciless,[-1]
mercilessly,[-1]
mercy,[1]
merit,[1]
meritorious,[1]
merry,[1]
mesmerizing,[1]
mess,[-1]
messed,[-1]
messes,[-1]
messing,[-1]
messy,[-1]
meticulous,[1]
meticulously,[1]
midget,[-1]
mighty,[1]
militancy,[-1]
mindless,[-1]
miracle,[1]
miracles,[1]
miraculous,[1]
miraculously,[1]
mirage,[-1]
mire,[-1]
misbehavior,[-1]
miscalculation,[-1]
miscellaneous,[-1]
mischief,[-1]
mischievous,[-1]
misconception,[-1]
misconceptions,[-1]
miserable,[-1]
miserably,[-1]
misery,[-1]
misfit,[-1]
misfortune,[-1]
misgivings,[-1]
misguided,[-1]
mishap,[-1]
misinformed,[-1]
mislead,[-1]
misleading,[-1]
misleadingly,[-1]
misread,[-1]
misreading,[-1]
misrepresent,[-1]
misrepresentation,[-1]
miss,[-1]
missed,[-1]
misses,[-1]
mist,[-1]
mistake,[-1]
mistaken,[-1]
mistakenly,[-1]
mistakes,[-1]
mistress,[-1]
mistrust,[-1]
mists,[-1]
misunderstand,[-1]
misunderstanding,[-1]
misunderstandings,[-1]
misunderstood,[-1]
misuse,[-1]
mobster,[-1]
mock,[-1]
mocked,[-1]
mockery,[-1]
mocking,[-1]
mockingly,[-1]
mocks,[-1]
modern,[1]
modest,[1]
modesty,[1]
molestation,[-1]
momentous,[1]
monotonous,[-1]
monotony,[-1]
monster,[-1]
monstrous,[-1]
monumental,[1]
moody,[-1]
moot,[-1]
morality,[1]
morbid,[-1]
moribund,[-1]
moron,[-1]
mortification,[-1]
motionless,[-1]
motivated,[1]
motley,[-1]
mourn,[-1]
mournful,[-1]
muddy,[-1]
mundane,[-1]
murder,[-1]
murderer,[-1]
murderous,[-1]
murky,[-1]
mysterious,[-1]
mysteriously,[-1]
mystery,[-1]
myth,[-1]
nagging,[-1]
naive,[-1]
naively,[-1]
narrower,[-1]
nasty,[-1]
naughty,[-1]
navigable,[1]
neat,[1]
neatly,[1]
nebulous,[-1]
needless,[-1]
needlessly,[-1]
needy,[-1]
nefarious,[-1]
negate,[-1]
negation,[-1]
negative,[-1]
negatives,[-1]
negativity,[-1]
neglect,[-1]
neglected,[-1]
negligence,[-1]
negligent,[-1]
nemesis,[-1]
nepotism,[-1]
nervous,[-1]
nervously,[-1]
nervousness,[-1]
nettle,[-1]
neurotic,[-1]
nice,[1]
nicely,[1]
nicer,[1]
nicest,[1]
nightmare,[-1]
nightmarish,[-1]
nimble,[1]
noble,[1]
noise,[-1]
noises,[-1]
noisy,[-1]
nonexistent,[-1]
nonsense,[-1]
notably,[1]
noteworthy,[1]
notoriety,[-1]
notorious,[-1]
notoriously,[-1]
nourish,[1]
nourishment,[1]
novelty,[1]
noxious,[-1]
nuisance,[-1]
numb,[-1]
nurturing,[1]
oasis,[1]
obese,[-1]
object,[-1]
objection,[-1]
objectionable,[-1]
objections,[-1]
oblique,[-1]
obliterate,[-1]
obliterated,[-1]
oblivious,[-1]
obnoxious,[-1]
obscene,[-1]
obscenity,[-1]
obscure,[-1]
obscured,[-1]
obscures,[-1]
obscurity,[-1]
obsession,[1]
obsessions,[1]
obsessive,[-1]
obsessively,[-1]
obsolete,[-1]
obstacle,[-1]
obstinate,[-1]
obstruct,[-1]
obstructed,[-1]
obstructing,[-1]
obstruction,[-1]
obtainable,[1]
obtuse,[-1]
odd,[-1]
oddities,[-1]
oddity,[-1]
oddly,[-1]
odor,[-1]
offence,[-1]
offend,[-1]
offender,[-1]
offending,[-1]
offenses,[-1]
offensive,[-1]
offensively,[-1]
ominous,[-1]
omission,[-1]
omit,[-1]
onerous,[-1]
onslaught,[-1]
openly,[1]
openness,[1]
opinionated,[-1]
opponent,[-1]
opportunistic,[-1]
oppose,[-1]
opposition,[-1]
oppositions,[-1]
oppress,[-1]
oppression,[-1]
oppressive,[-1]
oppressors,[-1]
optimal,[1]
optimism,[1]
optimistic,[1]
opulent,[1]
ordeal,[-1]
orderly,[1]
originality,[1]
orphan,[-1]
outbreak,[-1]
outburst,[-1]
outbursts,[-1]
outcast,[-1]
outcry,[-1]
outdo,[1]
outlaw,[-1]
outmoded,[-1]
outperform,[1]
outperformed,[1]
outrage,[-1]
outraged,[-1]
outrageous,[-1]
outrageously,[-1]
outrages,[-1]
outsider,[-1]
outstanding,[1]
outwit,[1]
ovation,[1]
overbearing,[-1]
overblown,[-1]
overdue,[-1]
overheat,[-1]
overjoyed,[1]
overkill,[-1]
overloaded,[-1]
overlook,[-1]
overpower,[-1]
overrun,[-1]
overshadow,[-1]
oversight,[-1]
oversize,[-1]
overstated,[-1]
overtake,[1]
overtaken,[1]
overtaking,[1]
overthrow,[-1]
overtook,[1]
overture,[1]
overturn,[-1]
overweight,[-1]
overwhelm,[-1]
overwhelmed,[-1]
overwhelming,[-1]
overwhelmingly,[-1]
overwhelms,[-1]
overzealous,[-1]
pain,[-1]
painful,[-1]
painfully,[-1]
painless,[1]
pains,[-1]
palatial,[1]
pale,[-1]
paltry,[-1]
pampered,[1]
pan,[-1]
pandering,[-1]
panic,[-1]
panicked,[-1]
panoramic,[1]
paradise,[1]
paradoxical,[-1]
paradoxically,[-1]
paralyzed,[-1]
paramount,[1]
paranoia,[-1]
paranoid,[-1]
parasite,[-1]
pardon,[1]
pariah,[-1]
parody,[-1]
partiality,[-1]
partisan,[-1]
partisans,[-1]
passe,[-1]
passion,[1]
passionate,[1]
passionately,[1]
passive,[-1]
pathetic,[-1]
patience,[1]
patient,[1]
patiently,[1]
patriot,[1]
patriotic,[1]
paucity,[-1]
pauper,[-1]
payback,[-1]
peace,[1]
peaceful,[1]
peacefully,[1]
peacekeepers,[1]
peach,[1]
peculiar,[-1]
peculiarly,[-1]
pedantic,[-1]
peeled,[-1]
penalize,[-1]
penalty,[-1]
pep,[1]
perfect,[1]
perfection,[1]
perfectly,[1]
peril,[-1]
perilous,[-1]
perish,[-1]
permissible,[1]
pernicious,[-1]
perplexed,[-1]
perplexing,[-1]
persecute,[-1]
persecution,[-1]
perseverance,[1]
persevere,[1]
personages,[1]
personalized,[1]
perturbed,[-1]
pervasive,[-1]
perverse,[-1]
perversion,[-1]
pervert,[-1]
perverted,[-1]
pessimism,[-1]
pessimistic,[-1]
pest,[-1]
petrified,[-1]
petty,[-1]
phenomenal,[1]
phobia,[-1]
phony,[-1]
picket,[-1]
picketed,[-1]
picketing,[-1]
pickets,[-1]
picky,[-1]
picturesque,[1]
piety,[1]
pig,[-1]
pigs,[-1]
pillage,[-1]
pinch,[-1]
pinnacle,[1]
pitiful,[-1]
pity,[-1]
plague,[-1]
playful,[1]
playfully,[1]
plea,[-1]
pleas,[-1]
pleasant,[1]
pleasantly,[1]
pleased,[1]
pleases,[1]
pleasing,[1]
pleasurable,[1]
pleasure,[1]
plebeian,[-1]
plentiful,[1]
plight,[-1]
plot,[-1]
plotters,[-1]
ploy,[-1]
plunder,[-1]
plush,[1]
poetic,[1]
poignant,[1]
pointless,[-1]
poise,[1]
poised,[1]
poison,[-1]
poisonous,[-1]
polarisation,[-1]
polished,[1]
polite,[1]
politeness,[1]
pollute,[-1]
pompous,[-1]
poor,[-1]
poorer,[-1]
poorest,[-1]
poorly,[-1]
popular,[1]
portable,[1]
posh,[1]
positive,[1]
positively,[1]
positives,[1]
posturing,[-1]
poverty,[-1]
powerful,[1]
powerfully,[1]
powerless,[-1]
praise,[1]
praising,[1]
precarious,[-1]
precious,[1]
precipitate,[-1]
precipitous,[-1]
precise,[1]
precisely,[1]
predatory,[-1]
predicament,[-1]
preeminent,[1]
prefer,[1]
preferable,[1]
preferably,[1]
preferring,[1]
prefers,[1]
prejudice,[-1]
prejudices,[-1]
prejudicial,[-1]
premeditated,[-1]
premier,[1]
preposterous,[-1]
prestige,[1]
prestigious,[1]
pretence,[-1]
pretend,[-1]
pretense,[-1]
pretentious,[-1]
pretty,[1]
priceless,[1]
prick,[-1]
pride,[1]
primitive,[-1]
principled,[1]
prison,[-1]
prisoner,[-1]
privilege,[1]
privileged,[1]
prize,[1]
proactive,[1]
problem,[-1]
problematic,[-1]
problems,[-1]
prodigious,[1]
prodigy,[1]
productive,[1]
productively,[1]
profane,[-1]
profanity,[-1]
proficient,[1]
profound,[1]
profoundly,[1]
profuse,[1]
profusion,[1]
progress,[1]
progressive,[1]
prohibit,[-1]
prohibitive,[-1]
prohibitively,[-1]
prolific,[1]
prominence,[1]
prominent,[1]
promise,[1]
promised,[1]
promises,[1]
promising,[1]
promoter,[1]
prompt,[1]
promptly,[1]
propaganda,[-1]
proper,[1]
properly,[1]
proprietary,[-1]
pros,[1]
prosecute,[-1]
prosper,[1]
prosperity,[1]
prosperous,[1]
protect,[1]
protection,[1]
protective,[1]
protest,[-1]
protested,[-1]
protesting,[-1]
protests,[-1]
protracted,[-1]
proud,[1]
proven,[1]
proves,[1]
providence,[1]
proving,[1]
provocation,[-1]
provocative,[-1]
provoke,[-1]
prowess,[1]
prudence,[1]
prudent,[1]
punch,[-1]
punish,[-1]
punishable,[-1]
punitive,[-1]
punk,[-1]
puppet,[-1]
puppets,[-1]
pure,[1]
purify,[1]
purposeful,[1]
puzzled,[-1]
puzzling,[-1]
quack,[-1]
quaint,[1]
qualified,[1]
qualify,[1]
qualms,[-1]
quarrel,[-1]
quarrels,[-1]
quash,[-1]
queer,[-1]
questionable,[-1]
quicker,[1]
quiet,[1]
quieter,[1]
rabid,[-1]
racism,[-1]
racist,[-1]
racists,[-1]
racy,[-1]
radiance,[1]
radiant,[1]
radical,[-1]
radicalization,[-1]
radically,[-1]
radicals,[-1]
rage,[-1]
ragged,[-1]
raging,[-1]
rail,[-1]
rain,[-1]
raked,[-1]
rampage,[-1]
rampant,[-1]
ramshackle,[-1]
randomly,[-1]
rant,[-1]
ranting,[-1]
rants,[-1]
rape,[-1]
raped,[-1]
rapid,[1]
raping,[-1]
rapport,[1]
rapture,[1]
rash,[-1]
rational,[1]
rattle,[-1]
rattled,[-1]
rattles,[-1]
ravage,[-1]
raving,[-1]
reachable,[1]
reactionary,[-1]
readable,[1]
readily,[1]
ready,[1]
reaffirm,[1]
realistic,[1]
reasonable,[1]
reasonably,[1]
reasoned,[1]
reassurance,[1]
reassure,[1]
rebellious,[-1]
rebuke,[-1]
recalcitrant,[-1]
recant,[-1]
receptive,[1]
recession,[-1]
reckless,[-1]
recklessly,[-1]
recklessness,[-1]
reclaim,[1]
recoil,[-1]
recommend,[1]
recommendation,[1]
recommendations,[1]
recommended,[1]
reconcile,[1]
reconciliation,[1]
recover,[1]
recovery,[1]
rectification,[1]
rectify,[1]
redeem,[1]
redeeming,[1]
redemption,[1]
redundancy,[-1]
redundant,[-1]
refine,[1]
refined,[1]
refinement,[1]
reform,[1]
reformed,[1]
reforming,[1]
reforms,[1]
refresh,[1]
refreshed,[1]
refreshing,[1]
refund,[1]
refunded,[1]
refusal,[-1]
refuse,[-1]
refused,[-1]
refuses,[-1]
refusing,[-1]
refutation,[-1]
refute,[-1]
refuted,[-1]
refutes,[-1]
refuting,[-1]
regal,[1]
regard,[1]
regress,[-1]
regression,[-1]
regressive,[-1]
regret,[-1]
regrets,[-1]
regrettable,[-1]
regretted,[-1]
reject,[-1]
rejected,[-1]
rejecting,[-1]
rejection,[-1]
rejects,[-1]
rejoice,[1]
rejoicing,[1]
rejuvenate,[1]
rejuvenated,[1]
relapse,[-1]
relaxed,[1]
relax,[1]
relent,[1]
relentless,[-1]
relentlessly,[-1]
reliable,[1]
reliably,[1]
relief,[1]
relish,[1]
reluctance,[-1]
reluctant,[-1]
reluctantly,[-1]
remarkable,[1]
remarkably,[1]
remedy,[1]
remission,[1]
remorse,[-1]
renaissance,[1]
renewed,[1]
renounce,[-1]
renown,[1]
renowned,[1]
renunciation,[-1]
repel,[-1]
repetitive,[-1]
replaceable,[1]
reprehensible,[-1]
repress,[-1]
repression,[-1]
repressive,[-1]
reprimand,[-1]
reproach,[-1]
repudiate,[-1]
repudiation,[-1]
repugnant,[-1]
repulse,[-1]
repulsed,[-1]
repulsive,[-1]
reputable,[1]
reputation,[1]
resent,[-1]
resentful,[-1]
resentment,[-1]
resignation,[-1]
resigned,[-1]
resilient,[1]
resistance,[-1]
resolute,[1]
resounding,[1]
resourceful,[1]
resourcefulness,[1]
respect,[1]
respectable,[1]
respectful,[1]
respectfully,[1]
respite,[1]
responsibly,[1]
responsive,[1]
restless,[-1]
restlessness,[-1]
restored,[1]
restrict,[-1]
restricted,[-1]
restriction,[-1]
restrictive,[-1]
restructure,[1]
restructured,[1]
restructuring,[1]
resurgent,[-1]
retaliate,[-1]
retaliatory,[-1]
retard,[-1]
retarded,[-1]
reticent,[-1]
retract,[-1]
retractable,[1]
retreat,[-1]
retreated,[-1]
revelation,[1]
revenge,[-1]
revere,[1]
reverence,[1]
revert,[-1]
reviled,[-1]
revitalize,[1]
revival,[1]
revive,[1]
revives,[1]
revoke,[-1]
revolt,[-1]
revolting,[-1]
revolutionary,[1]
revolutionize,[1]
revolutionized,[1]
revulsion,[-1]
reward,[1]
rewarding,[1]
rhetoric,[-1]
rhetorical,[-1]
rich,[1]
richer,[1]
richly,[1]
richness,[1]
ridicule,[-1]
ridicules,[-1]
ridiculous,[-1]
ridiculously,[-1]
rife,[-1]
rift,[-1]
rifts,[-1]
right,[1]
righteous,[1]
righteousness,[1]
rightful,[1]
rightfully,[1]
rightly,[1]
rigid,[-1]
rigidity,[-1]
rip,[-1]
ripped,[-1]
risk,[-1]
risks,[-1]
risky,[-1]
rival,[-1]
rivalry,[-1]
roadblocks,[-1]
robust,[1]
rocky,[-1]
rogue,[-1]
rollercoaster,[-1]
romantic,[1]
romantically,[1]
rosy,[1]
rot,[-1]
rotten,[-1]
rough,[-1]
rubbish,[-1]
rude,[-1]
rue,[-1]
ruin,[-1]
ruined,[-1]
ruining,[-1]
ruinous,[-1]
ruins,[-1]
rumbling,[-1]
rumor,[-1]
rumors,[-1]
rumours,[-1]
runaway,[-1]
rupture,[-1]
rust,[-1]
rusty,[-1]
rut,[-1]
ruthless,[-1]
ruthlessly,[-1]
ruthlessness,[-1]
sabotage,[-1]
sack,[-1]
sacrificed,[-1]
sad,[-1]
sadly,[-1]
sadness,[-1]
safe,[1]
safely,[1]
sag,[-1]
sagging,[-1]
saint,[1]
saintly,[1]
salute,[1]
sane,[1]
sap,[-1]
sarcasm,[-1]
sarcastic,[-1]
sarcastically,[-1]
sardonic,[-1]
satirical,[-1]
satirize,[-1]
satisfactorily,[1]
satisfactory,[1]
satisfied,[1]
satisfies,[1]
satisfy,[1]
satisfying,[1]
savage,[-1]
savagery,[-1]
savages,[-1]
saver,[1]
savings,[1]
savior,[1]
savvy,[1]
scaly,[-1]
scam,[-1]
scams,[-1]
scandal,[-1]
scandalous,[-1]
scandals,[-1]
scant,[-1]
scapegoat,[-1]
scar,[-1]
scarce,[-1]
scarcely,[-1]
scarcity,[-1]
scare,[-1]
scared,[-1]
scarred,[-1]
scars,[-1]
scary,[-1]
scathing,[-1]
scenic,[1]
sceptical,[-1]
scolded,[-1]
scolding,[-1]
scorching,[-1]
scorn,[-1]
scourge,[-1]
scramble,[-1]
scrambled,[-1]
scrambling,[-1]
scrap,[-1]
scratch,[-1]
scratched,[-1]
scratches,[-1]
scream,[-1]
screwed,[-1]
scum,[-1]
seamless,[1]
seasoned,[1]
secretive,[-1]
secure,[1]
securely,[1]
sedentary,[-1]
seedy,[-1]
selective,[1]
selfish,[-1]
selfishness,[-1]
senile,[-1]
sensation,[1]
sensational,[1]
sensations,[1]
senseless,[-1]
sensible,[1]
sensibly,[1]
sensitive,[1]
serene,[1]
serenity,[1]
seriousness,[-1]
servitude,[-1]
setback,[-1]
setbacks,[-1]
sever,[-1]
severe,[-1]
severity,[-1]
sexy,[1]
shabby,[-1]
shadowy,[-1]
shady,[-1]
shake,[-1]
shaky,[-1]
shallow,[-1]
sham,[-1]
shambles,[-1]
shame,[-1]
shameful,[-1]
shameless,[-1]
shamelessly,[-1]
shark,[-1]
sharp,[1]
sharper,[1]
sharpest,[1]
sharply,[-1]
shatter,[-1]
shimmering,[1]
shine,[1]
shiny,[1]
shipwreck,[-1]
shit,[-1]
shock,[-1]
shocked,[-1]
shocking,[-1]
shockingly,[-1]
shoddy,[-1]
shortage,[-1]
shortcoming,[-1]
shortcomings,[-1]
shortness,[-1]
showdown,[-1]
shrew,[-1]
shrill,[-1]
shroud,[-1]
shrouded,[-1]
shun,[-1]
shunned,[-1]
sick,[-1]
sickly,[-1]
sickness,[-1]
siege,[-1]
significant,[1]
silent,[1]
silly,[-1]
simpler,[1]
simplest,[1]
simplified,[1]
simplifies,[1]
simplify,[1]
simplifying,[1]
simplistic,[-1]
sin,[-1]
sincere,[1]
sincerely,[1]
sincerity,[1]
sinful,[-1]
sinister,[-1]
sink,[-1]
sinking,[-1]
skeletons,[-1]
skeptic,[-1]
skeptical,[-1]
skepticism,[-1]
sketchy,[-1]
skill,[1]
skilled,[1]
skillful,[1]
skillfully,[1]
skinny,[-1]
slack,[-1]
slander,[-1]
slanderous,[-1]
slap,[-1]
slashing,[-1]
slaughter,[-1]
slaughtered,[-1]
slave,[-1]
slaves,[-1]
sleazy,[-1]
sleek,[1]
slick,[1]
slime,[-1]
sloppy,[-1]
sloth,[-1]
slow,[-1]
slowed,[-1]
slower,[-1]
slowest,[-1]
slowly,[-1]
slug,[-1]
sluggish,[-1]
slump,[-1]
slumping,[-1]
slur,[-1]
slut,[-1]
sly,[-1]
smack,[-1]
smart,[1]
smarter,[1]
smartest,[1]
smash,[-1]
smear,[-1]
smell,[-1]
smelled,[-1]
smelling,[-1]
smells,[-1]
smelly,[-1]
smelt,[-1]
smile,[1]
smiles,[1]
smiling,[1]
smitten,[1]
smoke,[-1]
smoldering,[-1]
smooth,[1]
smoother,[1]
smoothly,[1]
smug,[-1]
snag,[-1]
snappy,[1]
snare,[-1]
sneak,[-1]
sneaky,[-1]
snobbish,[-1]
snub,[-1]
sober,[-1]
sociable,[1]
soft,[1]
softer,[1]
solace,[1]
solemn,[-1]
solid,[1]
solidarity,[1]
somber,[-1]
soothe,[1]
sophisticated,[1]
sore,[-1]
sorely,[-1]
sorrow,[-1]
sorrowful,[-1]
sorry,[-1]
soulful,[1]
soundly,[1]
soundness,[1]
sour,[-1]
spacious,[1]
spade,[-1]
sparkle,[1]
sparkling,[1]
spectacular,[1]
spectacularly,[1]
speedily,[1]
speedy,[1]
spewing,[-1]
spilling,[-1]
spinster,[-1]
spirited,[1]
spiritual,[1]
spite,[-1]
spiteful,[-1]
splendid,[1]
splendidly,[1]
splendor,[1]
split,[-1]
splitting,[-1]
spoil,[-1]
spoilage,[-1]
spoiled,[-1]
spoils,[-1]
spontaneous,[1]
spooky,[-1]
sporadic,[-1]
sporty,[1]
spotty,[-1]
spurious,[-1]
squabble,[-1]
squabbling,[-1]
squash,[-1]
squeak,[-1]
squeaky,[-1]
stab,[-1]
stability,[1]
stabilize,[1]
stable,[1]
stagnant,[-1]
stagnation,[-1]
staid,[-1]
stain,[-1]
stainless,[1]
stains,[-1]
stale,[-1]
stalemate,[-1]
stall,[-1]
stalls,[-1]
stampede,[-1]
standout,[1]
standstill,[-1]
stark,[-1]
starkly,[-1]
startling,[-1]
starvation,[-1]
starve,[-1]
stately,[1]
static,[-1]
staunch,[1]
staunchly,[1]
steadfast,[1]
steadfastly,[1]
steady,[1]
steal,[-1]
stealing,[-1]
steals,[-1]
steep,[-1]
steeply,[-1]
stellar,[1]
stench,[-1]
stereotype,[-1]
stereotypical,[-1]
stereotypically,[-1]
stern,[-1]
stew,[-1]
sticky,[-1]
stiff,[-1]
stiffness,[-1]
stifle,[-1]
stifling,[-1]
stigma,[-1]
stimulate,[1]
stimulates,[1]
stimulating,[1]
sting,[-1]
stinging,[-1]
stink,[-1]
stole,[-1]
stolen,[-1]
stormy,[-1]
straighten,[1]
straightforward,[1]
strain,[-1]
strained,[-1]
straining,[-1]
strange,[-1]
strangely,[-1]
stranger,[-1]
strangest,[-1]
strangle,[-1]
streamlined,[1]
strenuous,[-1]
stress,[-1]
stresses,[-1]
stressful,[-1]
stricken,[-1]
strict,[-1]
strictly,[-1]
strident,[-1]
strife,[-1]
strike,[-1]
striking,[1]
strikingly,[1]
stringent,[-1]
striving,[1]
strong,[1]
stronger,[1]
strongest,[1]
struck,[-1]
struggle,[-1]
struggled,[-1]
struggles,[-1]
struggling,[-1]
strut,[-1]
stubborn,[-1]
stubbornly,[-1]
stubbornness,[-1]
stuck,[-1]
stumble,[-1]
stumbled,[-1]
stumbles,[-1]
stump,[-1]
stumped,[-1]
stumps,[-1]
stun,[-1]
stunned,[1]
stunning,[1]
stunningly,[1]
stunt,[-1]
stunted,[-1]
stupid,[-1]
stupidity,[-1]
stupor,[-1]
sturdy,[1]
stutter,[-1]
stuttering,[-1]
stylish,[1]
stylized,[1]
stymied,[-1]
suave,[1]
subdued,[-1]
subjected,[-1]
subjection,[-1]
subjugate,[-1]
subjugation,[-1]
sublime,[1]
submissive,[-1]
subordinate,[-1]
subpoena,[-1]
subpoenas,[-1]
subservient,[-1]
subsidize,[1]
subsidized,[1]
subsidizing,[1]
substandard,[-1]
substantive,[1]
subtract,[-1]
subversion,[-1]
subversive,[-1]
subvert,[-1]
succeed,[1]
succeeded,[1]
succeeding,[1]
succeeds,[1]
success,[1]
successes,[1]
successful,[1]
successfully,[1]
succumb,[-1]
suck,[-1]
sucked,[-1]
sucker,[-1]
sucks,[-1]
sue,[-1]
sued,[-1]
sues,[-1]
suffer,[-1]
suffered,[-1]
sufferer,[-1]
sufferers,[-1]
suffering,[-1]
suffers,[-1]
suffice,[1]
suffices,[1]
sufficient,[1]
sufficiently,[1]
suffocate,[-1]
suicidal,[-1]
suicide,[-1]
suitable,[1]
sullen,[-1]
sumptuous,[1]
summer,[1]
sunk,[-1]
sunken,[-1]
super,[1]
superb,[1]
superbly,[1]
superficial,[-1]
superficially,[-1]
superfluous,[-1]
superior,[1]
superiority,[1]
superstition,[-1]
superstitious,[-1]
supple,[1]
support,[1]
supported,[1]
supporter,[1]
supporting,[1]
supportive,[1]
supports,[1]
suppress,[-1]
suppression,[-1]
supremacy,[1]
supreme,[1]
supremely,[1]
surpass,[1]
surreal,[1]
surrender,[-1]
survival,[1]
survivor,[1]
susceptible,[-1]
suspect,[-1]
suspicion,[-1]
suspicions,[-1]
suspicious,[-1]
suspiciously,[-1]
sustainability,[1]
sustainable,[1]
swagger,[-1]
swamped,[-1]
sweeping,[1]
sweet,[1]
sweetheart,[1]
sweetly,[1]
sweetness,[1]
swelled,[-1]
swelling,[-1]
swift,[1]
swindle,[-1]
swipe,[-1]
swollen,[-1]
symptom,[-1]
symptoms,[-1]
syndrome,[-1]
taboo,[-1]
tacky,[-1]
taint,[-1]
tainted,[-1]
talent,[1]
talented,[1]
talents,[1]
tamper,[-1]
tangle,[-1]
tangled,[-1]
tank,[-1]
tanks,[-1]
tantrum,[-1]
tarnish,[-1]
tarnished,[-1]
tattered,[-1]
taunt,[-1]
taunting,[-1]
taunts,[-1]
taut,[-1]
taxing,[-1]
tease,[-1]
tedious,[-1]
temper,[-1]
tempest,[-1]
tempt,[1]
temptation,[-1]
tempting,[1]
tenacious,[1]
tenacity,[1]
tender,[1]
tenderness,[-1]
tense,[-1]
tension,[-1]
tentative,[-1]
tentatively,[-1]
tenuous,[-1]
tepid,[-1]
terrible,[-1]
terribly,[-1]
terrific,[1]
terror,[-1]
terrorism,[-1]
terrorize,[-1]
thank,[1]
thankful,[1]
thicker,[-1]
thinner,[1]
thirst,[-1]
thorny,[-1]
thoughtful,[1]
thrash,[-1]
threat,[-1]
threaten,[-1]
threatening,[-1]
threats,[-1]
threesome,[-1]
thrift,[1]
thrill,[1]
thrilled,[1]
thrilling,[1]
thrills,[1]
thrive,[1]
thriving,[1]
throttle,[-1]
thug,[-1]
thwart,[-1]
tidy,[1]
timely,[1]
timid,[-1]
tingling,[-1]
tired,[-1]
tiresome,[-1]
tiring,[-1]
toil,[-1]
tolerable,[1]
toll,[-1]
top,[1]
topple,[-1]
tops,[1]
torment,[-1]
tormented,[-1]
torrent,[-1]
tortuous,[-1]
torture,[-1]
tortured,[-1]
tortures,[-1]
torturing,[-1]
totalitarian,[-1]
touchy,[-1]
tough,[1]
tougher,[1]
toughest,[1]
toughness,[-1]
tout,[-1]
touted,[-1]
touts,[-1]
toxic,[-1]
traction,[1]
tragedy,[-1]
tragic,[-1]
tragically,[-1]
traitor,[-1]
traitorous,[-1]
tramp,[-1]
tranquil,[1]
tranquility,[1]
transgression,[-1]
transparent,[1]
trap,[-1]
trapped,[-1]
trash,[-1]
trashed,[-1]
trauma,[-1]
traumatic,[-1]
traumatized,[-1]
travesty,[-1]
treacherous,[-1]
treachery,[-1]
treason,[-1]
treasonous,[-1]
treasure,[1]
tremendously,[1]
trendy,[1]
trick,[-1]
tricked,[-1]
trickery,[-1]
tricky,[-1]
triumph,[1]
triumphal,[1]
triumphant,[1]
triumphantly,[1]
trivial,[-1]
trivially,[1]
trophy,[1]
trouble,[-1]
troubled,[-1]
troublemaker,[-1]
troubles,[-1]
troublesome,[-1]
troubling,[-1]
trump,[1]
trumpet,[1]
trust,[1]
trusted,[1]
trusting,[1]
trustworthiness,[1]
trustworthy,[1]
trusty,[1]
truthful,[1]
truthfully,[1]
truthfulness,[1]
tumble,[-1]
tumbled,[-1]
tumultuous,[-1]
turbulent,[-1]
turmoil,[-1]
twist,[-1]
twisted,[-1]
twists,[-1]
tyrannical,[-1]
tyranny,[-1]
tyrant,[-1]
ugliest,[-1]
ugliness,[-1]
ugly,[-1]
ulterior,[-1]
ultimatum,[-1]
unabashed,[1]
unable,[-1]
unacceptable,[-1]
unacceptably,[-1]
unaccustomed,[-1]
unaffected,[1]
unassailable,[1]
unattractive,[-1]
unavailable,[-1]
unbearable,[-1]
unbeatable,[1]
unbelievable,[-1]
unbelievably,[-1]
unbiased,[1]
unbound,[1]
uncaring,[-1]
uncertain,[-1]
uncivil,[-1]
unclean,[-1]
unclear,[-1]
uncomfortable,[-1]
uncomfortably,[-1]
uncompetitive,[-1]
uncomplicated,[1]
uncompromising,[-1]
unconditional,[1]
unconfirmed,[-1]
unconstitutional,[-1]
uncontrolled,[-1]
unconvincing,[-1]
uncooperative,[-1]
undamaged,[1]
undaunted,[1]
undecided,[-1]
undefined,[-1]
undercut,[-1]
underdog,[-1]
underestimate,[-1]
underlings,[-1]
undermine,[-1]
undermined,[-1]
undermines,[-1]
undermining,[-1]
underpowered,[-1]
undersized,[-1]
understandable,[1]
undesirable,[-1]
undetermined,[-1]
undid,[-1]
undisputed,[1]
undocumented,[-1]
undone,[-1]
undue,[-1]
unease,[-1]
uneasy,[-1]
uneconomical,[-1]
unemployed,[-1]
unequal,[-1]
unequivocal,[1]
unequivocally,[1]
unethical,[-1]
uneven,[-1]
uneventful,[-1]
unexpected,[-1]
unexpectedly,[-1]
unexplained,[-1]
unfairly,[-1]
unfaithful,[-1]
unfamiliar,[-1]
unfavorable,[-1]
unfettered,[1]
unfinished,[-1]
unfit,[-1]
unforeseen,[-1]
unforgettable,[1]
unforgiving,[-1]
unfortunate,[-1]
unfortunately,[-1]
unfounded,[-1]
unfriendly,[-1]
unfulfilled,[-1]
unhappily,[-1]
unhappiness,[-1]
unhappy,[-1]
unhealthy,[-1]
unhelpful,[-1]
unimaginable,[-1]
unimportant,[-1]
uninformed,[-1]
uninsured,[-1]
unintelligible,[-1]
unity,[1]
unjust,[-1]
unjustified,[-1]
unjustly,[-1]
unknown,[-1]
unlawful,[-1]
unlawfully,[-1]
unleash,[-1]
unlicensed,[-1]
unlikely,[-1]
unlimited,[1]
unlucky,[-1]
unmatched,[1]
unmoved,[-1]
unnatural,[-1]
unnecessary,[-1]
unneeded,[-1]
unnerved,[-1]
unnoticed,[-1]
unobserved,[-1]
unorthodox,[-1]
unparalleled,[1]
unpleasant,[-1]
unpopular,[-1]
unpredictable,[-1]
unprepared,[-1]
unproductive,[-1]
unprofitable,[-1]
unproven,[-1]
unqualified,[-1]
unquestionable,[1]
unquestionably,[1]
unravel,[-1]
unreachable,[-1]
unreadable,[-1]
unreal,[1]
unrealistic,[-1]
unreasonable,[-1]
unreasonably,[-1]
unrelenting,[-1]
unreliability,[-1]
unreliable,[-1]
unresolved,[-1]
unresponsive,[-1]
unrest,[-1]
unrestricted,[1]
unrivaled,[1]
unruly,[-1]
unsafe,[-1]
unsatisfactory,[-1]
unsavory,[-1]
unscrupulous,[-1]
unseemly,[-1]
unselfish,[1]
unsettled,[-1]
unsettling,[-1]
unskilled,[-1]
unsophisticated,[-1]
unsound,[-1]
unspeakable,[-1]
unspecified,[-1]
unstable,[-1]
unsteady,[-1]
unsuccessful,[-1]
unsuccessfully,[-1]
unsupported,[-1]
unsure,[-1]
unsuspecting,[-1]
unsustainable,[-1]
untenable,[-1]
untested,[-1]
unthinkable,[-1]
untimely,[-1]
untouched,[-1]
untrue,[-1]
untrustworthy,[-1]
unusable,[-1]
unusual,[-1]
unusually,[-1]
unwanted,[-1]
unwarranted,[-1]
unwavering,[1]
unwelcome,[-1]
unwell,[-1]
unwieldy,[-1]
unwilling,[-1]
unwillingly,[-1]
unwillingness,[-1]
unwise,[-1]
unworkable,[-1]
unworthy,[-1]
unyielding,[-1]
upbeat,[1]
upgraded,[1]
upheaval,[-1]
upheld,[1]
uphold,[1]
uplift,[1]
uplifting,[1]
upliftment,[1]
uprising,[-1]
uproar,[-1]
upscale,[1]
upset,[-1]
upsets,[-1]
upsetting,[-1]
urgent,[-1]
usable,[1]
useful,[1]
useless,[-1]
usurp,[-1]
usurper,[-1]
utterly,[-1]
vagrant,[-1]
vague,[-1]
vagueness,[-1]
vain,[-1]
vainly,[-1]
valiant,[1]
valiantly,[1]
valor,[1]
valuable,[1]
vanity,[-1]
variety,[1]
vehement,[-1]
vehemently,[-1]
venerate,[1]
vengeance,[-1]
vengeful,[-1]
venom,[-1]
venomous,[-1]
vent,[-1]
verifiable,[1]
veritable,[1]
versatile,[1]
versatility,[1]
vestiges,[-1]
vibrant,[1]
vibrate,[-1]
vibrating,[-1]
vibration,[-1]
vice,[-1]
vicious,[-1]
viciously,[-1]
victorious,[1]
victory,[1]
viewable,[1]
vigilance,[1]
vigilant,[1]
vile,[-1]
villainous,[-1]
villains,[-1]
vindictive,[-1]
violate,[-1]
violation,[-1]
violator,[-1]
violators,[-1]
violent,[-1]
violently,[-1]
viper,[-1]
virtue,[1]
virtuous,[1]
virulence,[-1]
virulent,[-1]
virus,[-1]
visionary,[1]
vivacious,[1]
vivid,[1]
vociferous,[-1]
volatile,[-1]
volatility,[-1]
vomit,[-1]
vomiting,[-1]
vouch,[1]
vulgar,[-1]
vulnerable,[-1]
wane,[-1]
waning,[-1]
wanton,[-1]
warlike,[-1]
warm,[1]
warmer,[1]
warmly,[1]
warmth,[1]
warned,[-1]
warning,[-1]
warp,[-1]
warped,[-1]
wary,[-1]
waste,[-1]
wasted,[-1]
wasteful,[-1]
wasting,[-1]
wayward,[-1]
weak,[-1]
weaken,[-1]
weakening,[-1]
weaker,[-1]
weakness,[-1]
weaknesses,[-1]
wealthy,[1]
weary,[-1]
wedge,[-1]
weed,[-1]
weep,[-1]
weird,[-1]
welcome,[1]
well,[1]
wellbeing,[1]
whining,[-1]
whips,[-1]
wholeheartedly,[1]
wholesome,[1]
whore,[-1]
wicked,[-1]
wickedness,[-1]
wild,[-1]
wildly,[-1]
willing,[1]
willingly,[1]
willingness,[1]
wilt,[-1]
wily,[-1]
win,[1]
windfall,[1]
winner,[1]
winners,[1]
winning,[1]
wins,[1]
wisdom,[1]
wise,[1]
wisely,[1]
witty,[1]
wobble,[-1]
woe,[-1]
woefully,[-1]
womanizer,[-1]
womanizing,[-1]
won,[1]
wonder,[1]
wonderful,[1]
wonderfully,[1]
wonders,[1]
wondrous,[1]
woo,[1]
work,[1]
workable,[1]
worked,[1]
works,[1]
worn,[-1]
worried,[-1]
worries,[-1]
worry,[-1]
worrying,[-1]
worse,[-1]
worsen,[-1]
worsening,[-1]
worst,[-1]
worth,[1]
worthiness,[1]
worthless,[-1]
worthwhile,[1]
worthy,[1]
wound,[-1]
wounds,[-1]
wow,[1]
wrath,[-1]
wreak,[-1]
wreaked,[-1]
wreck,[-1]
wrest,[-1]
wrestle,[-1]
wretched,[-1]
wrinkle,[-1]
wrinkled,[-1]
wrinkles,[-1]
wrong,[-1]
wrongful,[-1]
wrongly,[-1]
wrought,[-1]
youthful,[1]
zeal,[1]
zealous,[-1]
zealously,[-1]
zenith,[1]
zest,[1]
zombie,[-1]
,[0]
,[-1]
,[-1]
,[1]
,[1]
,[0]
,[1]
,[1]
,[-1]
,[0]
,[-1]
,[-1]
,[-1]
,[-1]
,[-1]
,[-1]
,[0]
,[0]
,[1]
,[1]
,[-1]
,[-1]
,[-1]
,[-1]
,[0]
,[0]
,[1]
,[0]
,[0]
,[1]
,[1]
,[1]
,[0]
,[0]
,[-1]
,[1]
,[0]
,[-1]
,[-1]
,[-1]
,[1]
,[0]
,[-1]
,[0]
,[-1]
,[-1]
,[0]
,[-1]
,[-1]
,[-1]
,[1]
,[1]
,[0]
,[-1]
,[0]
,[0]
,[0]
,[-1]
,[0]
,[-1]
,[-1]
,[1]
,[-1]
,[-1]
,[-1]
,[-1]
,[0]
,[0]
,[0]
,[-1]
,[-1]
,[-1]
,[-1]
,[1]
,[1]
,[-1]
,[-1]
,[-1]
,[1]
,[-1]
,[1]
,[1]
,[0]
,[1]
,[1]
,[1]
,[-1]
,[-1]
,[-1]
,[-1]
,[-1]
,[-1]
,[-1]
,[-1]
,[-1]
,[-1]
,[-1]
,[-1]
,[0]
,[-1]
,[1]
,[-1]
,[-1]
,[-1]
,[-1]
,[-1]
,[1]
,[1]
,[1]
,[1]
,[1]
,[1]
,[1]
,[1]
,[1]
,[1]
,[1]
,[1]
,[1]
,[1]
,[1]
,[1]
,[1]
,[1]
,[1]
,[1]
,[-1]
,[-1]
,[-1]
,[1]
,[1]
,[1]
,[1]
,[1]
,[1]
,[-1]
,[1]
,[1]
,[1]
,[1]
,[-1]
,[-1]
,[-1]
,[-1]
,[-1]
,[-1]
,[0]
,[-1]
,[-1]
,[-1]
,[-1]
,[-1]
,[-1]
,[1]
,[1]
,[-1]
,[-1]
,[0]
,[-1]
,[-1]
,[-1]
,[-1]
,[-1]
,[-1]
,[1]
,[0]
,[-1]
,[0]
,[-1]
,[-1]
,[1]
,[-1]
,[0]
,[-1]
,[-1]
,[1]
,[1]
,[1]
,[1]
,[0]
,[1]
,[0]
,[-1]
,[0]
,[0]
,[0]
,[1]
,[0]
,[-1]
,[1]
,[-1]
,[1]
,[1]
,[1]
,[1]
,[1]
,[1]
,[1]
,[1]
,[1]
,[0]
,[0]
,[0]
,[1]
,[1]
,[1]
,[0]
,[1]
,[0]
,[1]
,[1]
,[0]
,[0]
,[0]
,[0]
,[0]
,[0]
,[1]
,[1]
,[0]
,[0]
,[1]
,[0]
,[0]
,[0]
,[0]
,[0]
,[1]
,[0]
,[1]
,[-1]
,[1]
,[-1]
,[-1]
,[0]
,[0]
,[1]
,[-1]
,[-1]
,[0]
,[0]
,[0]
,[1]
,[0]
,[0]
,[1]
,[0]
,[0]
,[0]
,[1]
,[-1]
,[1]
,[1]
,[1]
,[0]
,[-1]
,[-1]
,[-1]
,[-1]
,[-1]
,[-1]
,[1]
,[0]
,[0]
,[0]
,[0]
,[0]
,[0]
,[0]
,[1]
,[1]
,[1]
,[-1]
,[0]
,[1]
,[-1]
,[0]
,[0]
,[0]
,[0]
,[1]
,[1]
,[-1]
,[1]
,[1]
,[1]
,[0]
,[-1]
,[1]
,[-1]
,[-1]
,[-1]
,[-1]
,[1]
,[1]
,[1]
,[1]
,[1]
,[1]
,[1]
,[0]
,[0]
,[-1]
,[-1]
,[-1]
,[1]
,[1]
,[-1]
,[1]
,[1]
,[-1]
,[1]
,[1]
,[1]
,[1]
,[1]
,[0]
,[-1]
,[1]
,[1]
,[0]
,[-1]
,[-1]
,[-1]
,[-1]
,[-1]
,[-1]
,[-1]
,[-1]
,[0]
,[0]
,[1]
,[-1]
,[-1]
,[-1]
,[0]
,[0]
,[0]
,[-1]
,[-1]
,[1]
,[0]
,[-1]
,[-1]
,[1]
,[0]
,[0]
,[1]
,[0]
,[0]
,[1]
,[1]
,[1]
,[-1]
,[1]
,[1]
,[0]
,[1]
,[0]
,[0]
,[1]
,[1]
,[1]
,[-1]
,[0]
,[0]
,[0]
,[1]
,[0]
,[0]
,[-1]
,[-1]
,[1]
,[1]
,[1]
,[1]
,[0]
,[0]
,[0]
,[1]
,[1]
,[-1]
,[0]
,[0]
,[0]
,[-1]
,[-1]
,[-1]
,[1]
,[-1]
,[1]
,[-1]
,[0]
,[1]
,[1]
,[1]
,[1]
,[1]
,[-1]
,[-1]
,[1]
,[1]
,[-1]
,[1]
,[1]
,[-1]
,[0]
,[1]
,[1]
,[1]
,[1]
,[1]
,[1]
,[1]
,[-1]
,[1]
,[1]
,[1]
,[1]
,[-1]
,[-1]
,[0]
,[0]
,[1]
,[-1]
,[1]
,[1]
,[1]
,[1]
,[0]
,[0]
,[-1]
,[-1]
,[-1]
,[-1]
,[-1]
,[-1]
,[-1]
,[-1]
,[0]
,[1]
,[1]
,[-1]
,[-1]
,[-1]
,[-1]
,[-1]
,[1]
,[1]
,[1]
,[1]
,[1]
,[1]
,[1]
,[1]
,[1]
,[-1]
,[-1]
,[-1]
,[1]
,[0]
,[0]
,[0]
,[-1]
,[1]
,[0]
,[0]
,[0]
,[-1]
,[-1]
,[-1]
,[-1]
,[-1]
,[-1]
,[-1]
,[-1]
,[-1]
,[0]
,[-1]
,[-1]
,[1]
,[1]
,[1]
,[1]
,[1]
,[0]
,[0]
,[1]
,[-1]
,[-1]
,[0]
,[0]
,[1]
,[-1]
,[-1]
,[-1]
,[-1]
,[0]
,[-1]
,[-1]
,[-1]
,[-1]
,[1]
,[-1]
,[0]
,[0]
,[0]
,[-1]
,[-1]
,[-1]
,[0]
,[0]
,[0]
,[-1]
,[-1]
,[-1]
,[-1]
,[-1]
,[-1]
,[-1]
,[0]
,[1]
,[1]
,[1]
,[1]
,[1]
,[1]
,[1]
,[1]
,[1]
,[1]
,[1]
,[1]
,[-1]
,[-1]
,[0]
,[1]
,[1]
,[-1]
,[-1]
,[1]
,[1]
,[1]
,[1]
,[1]
,[-1]
,[1]
,[1]
,[1]
,[1]
,[1]
,[1]
,[1]
,[1]
,[1]
,[1]
,[1]
,[1]
,[1]
,[1]
,[1]
,[1]
,[1]
,[1]
,[1]
,[1]
,[1]
,[1]
,[1]
,[1]
,[-1]
,[-1]
,[-1]
,[1]
,[1]
,[-1]
,[-1]
,[-1]
,[-1]
,[1]
,[0]
,[1]
,[-1]
,[-1]
,[-1]
,[-1]
,[1]
,[-1]
,[1]
,[1]
,[-1]
,[-1]
,[-1]
,[-1]
,[-1]
,[-1]
,[-1]
,[-1]
,[-1]
,[-1]
,[-1]
,[0]
,[1]
,[1]
,[1]
,[1]
,[1]
,[1]
,[1]
,[1]
,[-1]
,[-1]
,[1]
,[-1]
,[-1]
,[-1]
,[-1]
,[-1]
,[-1]
,[-1]
,[-1]
,[1]
,[1]
,[0]
,[0]
,[1]
,[-1]
,[-1]
,[0]
,[-1]
,[-1]
,[-1]
,[-1]
,[-1]
,[-1]
,[-1]
,[-1]
,[-1]
,[-1]
,[1]
,[1]
,[1]
,[-1]
,[-1]
,[-1]
,[1]
,[1]
,[1]
,[-1]
,[-1]
,[-1]
,[0]
,[0]
,[0]
,[-1]
,[-1]
,[-1]
,[-1]
,[-1]
,[-1]
,[-1]
,[-1]
,[-1]
,[1]
,[-1]
,[-1]
,[1]
,[1]
,[1]
,[1]
,[-1]
,[-1]
,[-1]
,[-1]
,[-1]
,[1]
,[-1]
,[1]
,[1]
,[-1]
,[-1]
,[-1]
,[-1]
,[-1]
,[0]
,[-1]
,[-1]
,[-1]
,[-1]
,[-1]
,[-1]
,[1]
,[1]
,[1]
,[1]
,[1]
,[1]
,[-1]
,[-1]
,[-1]
,[-1]
,[-1]
,[-1]
,[-1]
,[-1]
,[1]
,[1]
,[1]
,[1]
,[0]
,[1]
,[0]
,[0]
,[1]
,[1]
,[1]
,[1]
,[0]
,[-1]
,[-1]
,[-1]
,[-1]
,[-1]
,[-1]
,[-1]
,[-1]
,[1]
,[1]
,[1]
,[0]
,[1]
,[1]
,[1]
,[1]
,[1]
,[-1]
,[1]
,[1]
,[1]
,[-1]
,[1]
,[1]
,[-1]
,[-1]
,[1]
,[1]
,[1]
,[1]
,[-1]
,[-1]
,[-1]
,[-1]
,[-1]
,[-1]
,[-1]
,[-1]
,[-1]
,[1]
,[1]
,[-1]
,[-1]
,[0]
,[-1]
,[-1]
,[0]
,[0]
,[-1]
,[-1]
,[-1]
,[-1]
,[-1]
,[1]
,[-1]
,[-1]
,[-1]
,[-1]
,[-1]
,[-1]
,[-1]
,[1]
,[1]
,[-1]
,[-1]
,[-1]
,[-1]
,[-1]
,[1]
,[1]
,[1]
,[-1]
,[-1]
,[0]
,[-1]
,[1]
,[0]
,[1]
,[1]
,[0]
,[1]
,[1]
,[1]
,[1]
,[1]
,[1]
,[-1]
,[1]
,[1]
,[1]
,[1]
,[0]
,[-1]
,[-1]
,[-1]
,[-1]
,[-1]
,[-1]
,[-1]
,[-1]
,[-1]
,[1]
,[1]
,[-1]
,[1]
,[1]
,[1]
,[1]
,[1]
,[1]
,[1]
,[1]
,[-1]
,[1]
,[-1]
,[-1]
,[1]
,[1]
,[1]
,[1]
,[1]
,[-1]
,[-1]
,[-1]
,[-1]
,[1]
,[1]
,[0]
,[-1]
,[1]
,[-1]
,[-1]
,[-1]
,[-1]
,[-1]
,[-1]
,[0]
,[1]
,[-1]
,[-1]
,[0]
,[1]
,[1]
,[1]
,[-1]
,[0]
,[1]
,[1]
,[1]
,[1]
,[1]
,[-1]
,[-1]
,[-1]
,[-1]
,[-1]
,[-1]
,[-1]
,[-1]
,[0]
,[-1]
,[-1]
,[-1]
,[-1]
,[-1]
,[-1]
,[-1]
,[1]
,[1]
,[1]
,[1]
,[1]
,[1]
,[-1]
,[-1]
,[-1]
,[1]
,[1]
,[-1]
,[-1]
,[-1]
,[-1]
,[0]
,[-1]
,[1]
,[1]
,[1]
,[-1]
,[0]
,[0]
,[0]
,[-1]
,[1]
,[1]
,[1]
,[-1]
,[-1]
,[-1]
,[0]
,[1]
,[-1]
,[-1]
,[-1]
,[-1]
,[1]
,[1]
,[1]
,[0]
,[1]
,[1]
,[1]
,[-1]
,[1]
,[1]
,[-1]
,[-1]
,[-1]
,[-1]
,[1]
,[-1]
,[-1]
,[-1]
,[-1]
,[-1]
,[-1]
,[-1]
,[1]
,[1]
,[1]
,[-1]
,[1]
,[-1]
,[1]
,[-1]
,[-1]
,[-1]
,[-1]
,[1]
,[-1]
,[-1]
,[1]
,[0]
,[-1]
,[-1]
,[1]
,[1]
,[1]
,[1]
,[-1]
,[0]
,[0]
,[0]
,[-1]
,[-1]
,[1]
,[-1]
,[1]
,[1]
,[1]
,[-1]
,[1]
,[0]
,[-1]
,[-1]
,[1]
,[-1]
,[-1]
,[-1]
,[-1]
,[-1]
,[-1]
,[-1]
,[-1]
,[1]
,[-1]
,[-1]
,[1]
,[-1]
,[-1]
,[-1]
,[-1]
,[1]
,[1]
,[1]
,[1]
,[1]
,[-1]
,[1]
,[1]
,[1]
,[1]
,[1]
,[1]
,[1]
,[1]
,[1]
,[-1]
,[1]
,[1]
,[1]
,[1]
,[-1]
,[-1]
,[0]
,[1]
,[1]
,[1]
,[1]
,[-1]
,[0]
,[-1]
,[-1]
,[-1]
,[-1]
,[0]
,[-1]
,[-1]
,[1]
,[-1]
,[1]
,[0]
,[-1]
,[-1]
,[-1]
,[-1]
,[-1]
,[0]
,[1]
,[1]
,[1]
,[-1]
,[-1]
,[-1]
,[-1]
,[-1]
,[1]
,[1]
,[1]
,[0]
,[0]
,[-1]
,[0]
,[0]
,[0]
,[1]
,[1]
,[1]
,[1]
,[1]
,[1]
,[1]
,[-1]
,[1]
,[1]
,[1]
,[-1]
,[1]
,[1]
,[-1]
,[-1]
,[-1]
,[-1]
,[1]
,[1]
,[-1]
,[-1]
,[-1]
,[1]
,[1]
,[1]
,[-1]
,[-1]
,[-1]
,[-1]
,[1]
,[1]
,[1]
,[1]
,[-1]
,[-1]
,[1]
,[-1]
,[1]
,[-1]
,[1]
,[1]
,[1]
,[1]
,[1]
,[1]
,[-1]
,[1]
,[1]
,[1]
,[1]
,[0]
,[-1]
,[1]
,[1]
,[-1]
,[-1]
,[1]
,[1]
,[-1]
,[-1]
,[-1]
,[0]
,[1]
,[1]
,[-1]
,[-1]
,[-1]
,[-1]
,[-1]
,[-1]
,[-1]
,[-1]
,[-1]
,[-1]
,[-1]
,[0]
,[-1]
,[0]
,[1]
,[-1]
,[-1]
,[-1]
,[-1]
,[-1]
,[1]
,[-1]
,[-1]
,[-1]
,[-1]
,[-1]
,[-1]
,[-1]
,[0]
,[0]
,[-1]
,[1]
,[1]
,[1]
,[-1]
,[-1]
,[-1]
,[1]
,[1]
,[1]
,[1]
,[-1]
,[-1]
,[-1]
,[-1]
,[-1]
,[1]
,[1]
,[1]
,[-1]
,[-1]
,[1]
,[1]
,[1]
,[-1]
,[-1]
,[-1]
,[-1]
,[-1]
,[-1]
,[-1]
,[-1]
,[-1]
,[1]
,[0]
,[-1]
,[-1]
,[-1]
,[-1]
,[-1]
,[-1]
,[1]
,[-1]
,[-1]
,[-1]
,[-1]
,[-1]
,[-1]
,[1]
,[1]
,[1]
,[-1]
,[-1]
,[0]
,[-1]
,[0]
,[-1]
,[-1]
,[-1]
,[-1]
,[-1]
,[-1]
,[-1]
,[-1]
,[1]
,[-1]
,[-1]
,[-1]
,[-1]
,[-1]
,[-1]
,[-1]
,[-1]
,[1]
,[-1]
,[-1]
,[-1]
,[-1]
,[-1]
,[-1]
,[-1]
,[1]
,[-1]
,[-1]
,[-1]
,[-1]
,[-1]
,[-1]
,[-1]
,[-1]
,[-1]
,[1]
,[-1]
,[-1]
,[-1]
,[-1]
,[-1]
,[-1]
,[-1]
,[-1]
,[-1]
,[-1]
,[-1]
,[-1]
,[-1]
,[-1]
,[-1]
,[-1]
,[-1]
,[1]
,[1]
,[-1]
,[-1]
,[-1]
,[-1]
,[-1]
,[-1]
,[-1]
,[-1]
,[-1]
,[-1]
,[-1]
,[-1]
,[-1]
,[-1]
,[-1]
,[-1]
,[-1]
,[-1]
,[-1]
,[-1]
,[-1]
,[-1]
,[-1]
,[-1]
,[-1]
,[-1]
,[-1]
,[-1]
,[-1]
,[0]
,[1]
,[1]
,[1]
,[-1]
,[1]
,[-1]
,[0]
,[-1]
,[-1]
,[1]
,[1]
,[0]
,[-1]
,[0]
,[1]
,[-1]
,[-1]
,[-1]
,[-1]
,[-1]
,[-1]
,[-1]
,[-1]
,[1]
,[1]
,[1]
,[1]
,[1]
,[1]
,[1]
,[0]
,[0]
,[-1]
,[-1]
,[-1]
,[-1]
,[1]
,[-1]
,[1]
,[1]
,[1]
,[-1]
,[-1]
,[-1]
,[1]
,[1]
,[1]
,[1]
,[1]
,[1]
,[0]
,[0]
,[0]
,[0]
,[1]
,[1]
,[1]
,[1]
,[1]
,[1]
,[-1]
,[-1]
,[1]
,[-1]
,[1]
,[0]
,[0]
,[0]
,[0]
,[1]
,[1]
,[1]
,[-1]
,[-1]
,[-1]
,[-1]
,[1]
,[1]
,[-1]
,[-1]
,[-1]
,[-1]
,[0]
,[1]
,[1]
,[1]
,[1]
,[1]
,[-1]
,[-1]
,[0]
,[-1]
,[-1]
,[-1]
,[-1]
,[-1]
,[1]
,[1]
,[1]
,[1]
,[-1]
,[-1]
,[-1]
,[1]
,[-1]
,[-1]
,[-1]
,[1]
,[1]
,[-1]
,[-1]
,[1]
,[-1]
,[1]
,[1]
,[1]
,[0]
,[-1]
,[-1]
,[-1]
,[1]
,[1]
,[1]
,[1]
,[1]
,[-1]
,[-1]
,[-1]
,[-1]
,[-1]
,[-1]
,[-1]
,[-1]
,[-1]
,[-1]
,[0]
,[1]
,[-1]
,[-1]
,[-1]
,[-1]
,[-1]
,[0]
,[-1]
,[-1]
,[1]
,[0]
,[-1]
,[1]
,[-1]
,[-1]
,[-1]
,[1]
,[1]
,[-1]
,[1]
,[-1]
,[-1]
,[-1]
,[-1]
,[-1]
,[-1]
,[1]
,[-1]
,[-1]
,[-1]
,[-1]
,[-1]
,[1]
,[-1]
,[-1]
,[-1]
,[-1]
,[-1]
,[-1]
,[-1]
,[-1]
,[-1]
,[-1]
,[-1]
,[-1]
,[1]
,[1]
,[1]
,[1]
,[1]
,[1]
,[1]
,[1]
,[1]
,[-1]
,[-1]
,[-1]
,[0]
,[-1]
,[-1]
,[-1]
,[1]
,[-1]
,[-1]
,[-1]
,[-1]
,[-1]
,[-1]
,[-1]
,[-1]
,[-1]
,[-1]
,[-1]
,[-1]
,[-1]
,[1]
,[-1]
,[-1]
,[-1]
,[-1]
,[-1]
,[-1]
,[-1]
,[1]
,[-1]
,[0]
,[-1]
,[-1]
,[-1]
,[-1]
,[1]
,[-1]
,[1]
,[1]
,[1]
,[1]
,[1]
,[1]
,[1]
,[1]
,[-1]
,[1]
,[1]
,[1]
,[-1]
,[-1]
,[-1]
,[-1]
,[-1]
,[-1]
,[1]
,[1]
,[1]
,[-1]
,[-1]
,[1]
,[0]
,[1]
,[-1]
,[-1]
,[0]
,[-1]
,[-1]
,[-1]
,[0]
,[0]
,[0]
,[0]
,[-1]
,[-1]
,[1]
,[1]
,[0]
,[0]
,[-1]
,[1]
,[-1]
,[-1]
,[-1]
,[1]
,[-1]
,[-1]
,[1]
,[0]
,[0]
,[0]
,[0]
,[1]
,[1]
,[-1]
,[-1]
,[-1]
,[-1]
,[1]
,[-1]
,[-1]
,[-1]
,[1]
,[1]
,[1]
,[1]
,[-1]
,[-1]
,[-1]
,[-1]
,[-1]
,[-1]
,[-1]
,[1]
,[-1]
,[1]
,[1]
,[1]
,[1]
,[1]
,[1]
,[1]
,[1]
,[1]
,[-1]
,[-1]
,[1]
,[0]
,[-1]
,[-1]
,[0]
,[1]
,[0]
,[-1]
,[-1]
,[-1]
,[-1]
,[-1]
,[1]
,[1]
,[1]
,[1]
,[-1]
,[-1]
,[-1]
,[-1]
,[-1]
,[0]
,[0]
,[-1]
,[-1]
,[-1]
,[-1]
,[-1]
,[-1]
,[1]
,[0]
,[0]
,[-1]
,[1]
,[-1]
,[1]
,[1]
,[1]
,[1]
,[1]
,[1]
,[1]
,[1]
,[-1]
,[-1]
,[1]
,[1]
,[1]
,[1]
,[-1]
,[-1]
,[-1]
,[-1]
,[-1]
,[-1]
,[1]
,[-1]
,[-1]
,[-1]
,[1]
,[0]
,[1]
,[0]
,[-1]
,[-1]
,[-1]
,[-1]
,[1]
,[1]
,[-1]
,[1]
,[1]
,[1]
,[1]
,[0]
,[0]
,[1]
,[1]
,[-1]
,[1]
,[-1]
,[-1]
,[1]
,[1]
,[1]
,[0]
,[1]
,[-1]
,[0]
,[0]
,[1]
,[1]
,[0]
,[1]
,[1]
,[1]
,[1]
,[0]
,[1]
,[1]
,[1]
,[-1]
,[-1]
,[-1]
,[1]
,[1]
,[1]
,[1]
,[-1]
,[-1]
,[0]
,[0]
,[1]
,[1]
,[0]
,[0]
,[1]
,[1]
,[-1]
,[-1]
,[0]
,[1]
,[-1]
,[-1]
,[-1]
,[-1]
,[1]
,[0]
,[0]
,[-1]
,[-1]
,[-1]
,[-1]
,[0]
,[1]
,[1]
,[0]
,[1]
,[1]
,[1]
,[1]
,[1]
,[-1]
,[0]
,[-1]
,[-1]
,[-1]
,[-1]
,[-1]
,[-1]
,[-1]
,[-1]
,[-1]
,[-1]
,[-1]
,[0]
,[0]
,[1]
,[1]
,[1]
,[1]
,[1]
,[1]
,[1]
,[0]
,[0]
,[0]
,[1]
,[1]
,[1]
,[1]
,[0]
,[0]
,[1]
,[1]
,[1]
,[1]
,[1]
,[-1]
,[1]
,[1]
,[1]
,[1]
,[1]
,[1]
,[1]
,[1]
,[1]
,[1]
,[1]
,[1]
,[-1]
,[-1]
,[-1]
,[-1]
,[0]
,[-1]
,[-1]
,[-1]
,[0]
,[0]
,[0]
,[1]
,[1]
,[1]
,[1]
,[0]
,[0]
,[0]
,[0]
,[-1]
,[0]
,[0]
,[-1]
,[-1]
,[-1]
,[0]
,[-1]
,[1]
,[1]
,[1]
,[1]
,[1]
,[1]
,[1]
,[-1]
,[-1]
,[1]
,[1]
,[-1]
,[-1]
,[-1]
,[-1]
,[-1]
,[-1]
,[-1]
,[-1]
,[1]
,[1]
,[-1]
,[-1]
,[-1]
,[-1]
,[-1]
,[1]
,[0]
,[1]
,[0]
,[0]
,[0]
,[1]
,[1]
,[1]
,[0]
,[1]
,[1]
,[1]
,[0]
,[0]
,[-1]
,[1]
,[-1]
,[1]
,[1]
,[1]
,[0]
,[-1]
,[-1]
,[1]
,[1]
,[1]
,[0]
,[0]
,[0]
,[0]
,[-1]
,[-1]
,[-1]
,[1]
,[1]
,[1]
,[1]
,[1]
,[0]
,[-1]
,[1]
,[1]
,[-1]
,[-1]
,[1]
,[1]
,[0]
,[0]
,[-1]
,[-1]
,[-1]
,[-1]
,[-1]
,[0]
,[-1]
,[0]
,[1]
,[-1]
,[-1]
,[-1]
,[1]
,[1]
,[0]
,[-1]
,[-1]
,[-1]
,[-1]
,[-1]
,[1]
,[-1]
,[0]
,[-1]
,[0]
,[-1]
,[-1]
,[-1]
,[-1]
,[0]
,[-1]
,[1]
,[-1]
,[-1]
,[-1]
,[-1]
,[-1]
,[-1]
,[1]
,[1]
,[1]
,[0]
,[1]
,[1]
,[-1]
,[-1]
,[0]
,[1]
,[0]
,[-1]
,[-1]
,[0]
,[-1]
,[-1]
,[-1]
,[-1]
,[-1]
,[-1]
,[-1]
,[0]
,[0]
,[-1]
,[-1]
,[-1]
,[-1]
,[-1]
,[1]
,[-1]
,[1]
,[1]
,[1]
,[1]
,[1]
,[1]
,[-1]
,[-1]
,[1]
,[1]
,[0]
,[-1]
,[0]
,[-1]
,[-1]
,[-1]
,[-1]
,[-1]
,[0]
,[-1]
,[-1]
,[-1]
,[-1]
,[1]
,[1]
,[-1]
,[-1]
,[-1]
,[1]
,[-1]
,[0]
,[0]
,[-1]
,[-1]
,[-1]
,[-1]
,[0]
,[0]
,[-1]
,[-1]
,[1]
,[-1]
,[1]
,[0]
,[1]
,[-1]
,[-1]
,[-1]
,[-1]
,[1]
,[1]
,[1]
,[1]
,[-1]
,[-1]
,[1]
,[1]
,[1]
,[1]
,[1]
,[-1]
,[1]
,[-1]
,[-1]
,[-1]
,[-1]
,[1]
,[-1]
,[-1]
,[-1]
,[-1]
,[-1]
,[-1]
,[0]
,[0]
,[0]
,[0]
,[0]
,[-1]
,[1]
,[-1]
,[1]
,[0]
,[-1]
,[-1]
,[-1]
,[-1]
,[-1]
,[-1]
,[-1]
,[1]
,[1]
,[-1]
,[-1]
,[-1]
,[-1]
,[-1]
,[-1]
,[-1]
,[-1]
,[1]
,[1]
,[1]
,[1]
,[-1]
,[0]
,[0]
,[-1]
,[-1]
,[-1]
,[-1]
,[-1]
,[-1]
,[-1]
,[-1]
,[1]
,[-1]
,[-1]
,[-1]
,[-1]
,[-1]
,[1]
,[1]
,[0]
,[1]
,[1]
,[-1]
,[1]
,[1]
,[1]
,[-1]
,[-1]
,[1]
,[1]
,[1]
,[-1]
,[-1]
,[1]
,[0]
,[-1]
,[-1]
,[-1]
,[1]
,[1]
,[1]
,[-1]
,[-1]
,[-1]
,[0]
,[1]
,[1]
,[1]
,[0]
,[0]
,[1]
,[0]
,[0]
,[0]
,[0]
,[0]
,[-1]
,[0]
,[1]
,[1]
,[0]
,[1]
,[1]
,[0]
,[-1]
,[-1]
,[-1]
,[-1]
,[0]
,[0]
,[0]
,[1]
,[1]
,[-1]
,[0]
,[0]
,[1]
,[-1]
,[1]
,[1]
,[1]
,[1]
,[-1]
,[0]
,[-1]
,[-1]
,[0]
,[0]
,[0]
,[0]
,[-1]
,[0]
,[0]
,[0]
,[0]
,[0]
,[0]
,[-1]
,[0]
,[0]
,[1]
,[0]
,[1]
,[-1]
,[1]
,[0]
,[0]
,[0]
,[1]
,[-1]
,[-1]
,[-1]
,[-1]
,[-1]
,[-1]
,[-1]
,[-1]
,[-1]
,[0]
,[1]
,[1]
,[-1]
,[-1]
,[-1]
,[1]
,[1]
,[1]
,[0]
,[0]
,[0]
,[1]
,[1]
,[1]
,[1]
,[1]
,[-1]
,[-1]
,[-1]
,[1]
,[1]
,[1]
,[1]
,[1]
,[1]
,[1]
,[-1]
,[-1]
,[-1]
,[-1]
,[-1]
,[0]
,[-1]
,[0]
,[1]
,[-1]
,[-1]
,[0]
,[1]
,[1]
,[1]
,[1]
,[-1]
,[0]
,[-1]
,[-1]
,[-1]
,[-1]
,[-1]
,[1]
,[1]
,[1]
,[-1]
,[-1]
,[-1]
,[-1]
,[1]
,[1]
,[-1]
,[-1]
,[-1]
,[-1]
,[1]
,[0]
,[0]
,[-1]
,[0]
,[0]
,[-1]
,[-1]
,[1]
,[-1]
,[-1]
,[0]
,[0]
,[-1]
,[1]
,[1]
,[-1]
,[-1]
,[-1]
,[-1]
,[-1]
,[-1]
,[-1]
,[-1]
,[1]
,[1]
,[1]
,[1]
,[-1]
,[1]
,[-1]
,[-1]
,[0]
,[-1]
,[-1]
,[-1]
,[-1]
,[-1]
,[-1]
,[-1]
,[-1]
,[-1]
,[-1]
,[1]
,[1]
,[1]
,[-1]
,[-1]
,[-1]
,[-1]
,[-1]
,[-1]
,[-1]
,[1]
,[-1]
,[1]
,[-1]
,[-1]
,[-1]
,[-1]
,[-1]
,[0]
,[0]
,[1]
,[1]
,[1]
,[1]
,[1]
,[1]
,[1]
,[1]
,[1]
,[1]
,[1]
,[1]
,[0]
,[1]
,[1]
,[1]
,[1]
,[-1]
,[-1]
,[-1]
,[0]
,[-1]
,[-1]
,[1]
,[-1]
,[1]
,[1]
,[-1]
,[-1]
,[-1]
,[-1]
,[-1]
,[-1]
,[1]
,[1]
,[-1]
,[-1]
,[-1]
,[-1]
,[-1]
,[0]
,[0]
,[0]
,[-1]
,[1]
,[-1]
,[-1]
,[1]
,[1]
,[1]
,[1]
,[-1]
,[-1]
,[0]
,[1]
,[1]
,[-1]
,[-1]
,[-1]
,[1]
,[1]
,[1]
,[1]
,[1]
,[0]
,[1]
,[1]
,[1]
,[0]
,[-1]
,[-1]
,[-1]
,[-1]
,[1]
,[-1]
,[0]
,[0]
,[0]
,[-1]
,[-1]
,[-1]
,[0]
,[1]
,[1]
,[1]
,[-1]
,[1]
,[0]
,[-1]
,[-1]
,[0]
,[-1]
,[-1]
,[0]
,[1]
,[1]
,[1]
,[-1]
,[0]
,[0]
,[0]
,[1]
,[1]
,[1]
,[1]
,[-1]
,[0]
,[0]
,[1]
,[1]
,[1]
,[-1]
,[-1]
,[-1]
,[-1]
,[-1]
,[0]
,[0]
,[0]
,[1]
,[1]
,[1]
,[-1]
,[-1]
,[-1]
,[0]
,[-1]
,[1]
,[1]
,[-1]
,[-1]
,[-1]
,[-1]
,[0]
,[0]
,[-1]
,[-1]
,[0]
,[0]
,[1]
,[-1]
,[1]
,[-1]
,[-1]
,[0]
,[-1]
,[0]
,[1]
,[1]
,[1]
,[1]
,[-1]
,[-1]
,[-1]
,[-1]
,[-1]
,[-1]
,[0]
,[0]
,[0]
,[0]
,[1]
,[1]
,[1]
,[1]
,[-1]
,[-1]
,[-1]
,[-1]
,[0]
,[1]
,[0]
,[0]
,[-1]
,[-1]
,[-1]
,[0]
,[0]
,[0]
,[1]
,[1]
,[-1]
,[1]
,[1]
,[1]
,[-1]
,[-1]
,[-1]
,[-1]
,[-1]
,[-1]
,[0]
,[0]
,[-1]
,[1]
,[1]
,[1]
,[1]
,[-1]
,[-1]
,[-1]
,[1]
,[1]
,[0]
,[0]
,[-1]
,[1]
,[1]
,[-1]
,[-1]
,[0]
,[-1]
,[0]
,[1]
,[1]
,[1]
,[-1]
,[-1]
,[-1]
,[-1]
,[-1]
,[-1]
,[-1]
,[-1]
,[-1]
,[-1]
,[0]
,[-1]
,[-1]
,[-1]
,[1]
,[0]
,[0]
,[0]
,[0]
,[1]
,[-1]
,[-1]
,[1]
,[-1]
,[0]
,[-1]
,[-1]
,[-1]
,[-1]
,[-1]
,[1]
,[1]
,[-1]
,[-1]
,[-1]
,[-1]
,[1]
,[-1]
,[-1]
,[-1]
,[1]
,[-1]
,[1]
,[1]
,[-1]
,[1]
,[-1]
,[-1]
,[-1]
,[-1]
,[1]
,[-1]
,[-1]
,[-1]
,[-1]
,[-1]
,[1]
,[1]
,[1]
,[1]
,[1]
,[1]
,[0]
,[0]
,[0]
,[-1]
,[-1]
,[-1]
,[-1]
,[-1]
,[-1]
,[1]
,[-1]
,[-1]
,[-1]
,[-1]
,[1]
,[1]
,[1]
,[1]
,[-1]
,[-1]
,[1]
,[1]
,[1]
,[1]
,[1]
,[1]
,[1]
,[1]
,[1]
,[1]
,[1]
,[1]
,[1]
,[1]
,[1]
,[1]
,[-1]
,[-1]
,[-1]
,[-1]
,[-1]
,[-1]
,[-1]
,[-1]
,[-1]
,[-1]
,[1]
,[1]
,[1]
,[1]
,[1]
,[1]
,[1]
,[1]
,[1]
,[1]
,[1]
,[-1]
,[1]
,[1]
,[-1]
,[-1]
,[-1]
,[0]
,[0]
,[-1]
,[-1]
,[-1]
,[-1]
,[-1]
,[1]
,[1]
,[-1]
,[-1]
,[-1]
,[-1]
,[-1]
,[-1]
,[-1]
,[-1]
,[-1]
,[-1]
,[1]
,[0]
,[0]
,[1]
,[1]
,[1]
,[1]
,[-1]
,[1]
,[1]
,[1]
,[1]
,[0]
,[0]
,[0]
,[0]
,[0]
,[1]
,[1]
,[1]
,[1]
,[-1]
,[-1]
,[1]
,[1]
,[1]
,[1]
,[-1]
,[-1]
,[-1]
,[-1]
,[1]
,[1]
,[-1]
,[-1]
,[1]
,[-1]
,[1]
,[-1]
,[1]
,[-1]
,[-1]
,[-1]
,[0]
,[1]
,[1]
,[1]
,[1]
,[-1]
,[-1]
,[1]
,[1]
,[-1]
,[1]
,[1]
,[-1]
,[-1]
,[-1]
,[-1]
,[1]
,[-1]
,[0]
,[-1]
,[1]
,[1]
,[-1]
,[0]
,[0]
,[0]
,[0]
,[0]
,[0]
,[0]
,[0]
,[1]
,[-1]
,[-1]
,[-1]
,[1]
,[1]
,[1]
,[1]
,[1]
,[1]
,[0]
,[-1]
,[-1]
,[-1]
,[-1]
,[-1]
,[-1]
,[1]
,[1]
,[1]
,[1]
,[0]
,[1]
,[1]
,[1]
,[1]
,[-1]
,[0]
,[0]
,[1]
,[-1]
,[-1]
,[-1]
,[1]
,[1]
,[1]
,[1]
,[1]
,[1]
,[1]
,[1]
,[1]
,[1]
,[-1]
,[-1]
,[1]
,[-1]
,[-1]
,[1]
,[1]
,[1]
,[1]
,[1]
,[-1]
,[-1]
,[-1]
,[-1]
,[-1]
,[-1]
,[1]
,[-1]
,[1]
,[1]
,[0]
,[-1]
,[-1]
,[-1]
,[-1]
,[0]
,[-1]
,[-1]
,[-1]
,[-1]
,[-1]
,[-1]
,[-1]
,[1]
,[1]
,[1]
,[-1]
,[-1]
,[0]
,[0]
,[0]
,[0]
,[0]
,[0]
,[0]
,[-1]
,[1]
,[-1]
,[1]
,[1]
,[1]
,[1]
,[0]
,[1]
,[1]
,[-1]
,[-1]
,[0]
,[0]
,[1]
,[1]
,[1]
,[1]
,[1]
,[1]
,[1]
,[1]
,[0]
,[-1]
,[-1]
,[-1]
,[0]
,[1]
,[1]
,[1]
,[1]
,[1]
,[-1]
,[-1]
,[1]
,[1]
,[1]
,[1]
